chengyu,mot_clef,literal_keyword_category,label_principal,labels_secondaires,justification,source_label
,,,,,,
集腋成裘,腋,身体部位,积累/成就,行动;努力,表示通过一点点积累取得成果（积少成多），不是身体部位语义,artificial
,,,,,,
巾帼须眉,须眉,身体部位/性别象征,社会身份/性别评价,能力;品格,表示女性具有男子气概，核心是性别与能力评价，而非身体特征,artificial
,,,,,,
须眉男子,须眉,身体部位/性别象征,社会身份/性别评价,品格;气概,指真正有担当的男子，强调社会角色与品格，而非外貌描写,artificial
,,,,,,
须髯如戟,须髯,身体部位,外貌/形象,气概;威严,描写胡须如戟般挺立，突出威武形象，主要是外貌描写及气势,artificial
,,,,,,
百口莫辨,口,身体部位,困境/无辩解能力,言语;表达,表示处于无法为自己辩解的处境，核心是困境，而不是“说话”行为,artificial
,,,,,,
笨嘴笨舌,嘴;舌,身体部位,能力不足/表达困难,言语;表达,表示说话能力差、不善表达，核心是能力问题，而非器官本身,artificial
,,,,,,
闭口不言,口,身体部位,沉默/保密,言语;表达,表示保持沉默、不说话，核心是行为状态，而不是语言行为本身,artificial
,,,,,,
赤口毒舌,口;舌,身体部位,言语/攻击性表达,道德负面;伤害,表示说话尖刻恶毒，属于语言攻击行为，而非器官意义,artificial
,,,,,,
冲口而出,口,身体部位,冲动/失控,言语;表达,表示不加思考脱口而出，核心是行为冲动性，而不是说话本身,artificial
,,,,,,
出口成章,口,身体部位,言语/表达能力,才华;文采,表示说话流畅且有文采，核心是语言能力，而非“口”这一器官,artificial
,,,,,,
出口伤人,口,身体部位,言语/攻击性表达,伤害;道德负面,表示用语言伤害他人，核心是攻击性言语，而不是身体器官,artificial
,,,,,,
大饱口福,口,身体部位,身体/感官体验,饮食;享受,表示享受美食带来的满足感，核心是感官体验，而不是言语或器官本身,artificial
,,,,,,
杜口裹足,口;足,身体部位,恐惧/困境,沉默;不行动,表示因害怕而不敢说话也不敢行动，核心是恐惧导致的行为受限，而非身体器官,artificial
,,,,,,
多嘴多舌,嘴;舌,身体部位,言语/表达,多话;失言;社会负面评价,表示话太多、爱插嘴，属于言语行为的负面评价，而非器官意义,artificial
,,,,,,
反咬一口,口,身体部位,道德/品格,背叛;忘恩负义,表示反过来伤害或诬陷帮助自己的人，核心是道德评价，而非“咬”的字面动作,artificial
,,,,,,
风口浪尖,口,身体部位,危险/困境,舆论;社会压力,比喻处在最危险或矛盾最尖锐的位置，核心是处境，而非“口”的字面意义,artificial
,,,,,,
祸从口出,口,身体部位,言语/表达,危险;后果;谨慎,表示灾祸因说话不慎而起，核心是言语行为带来的后果，而非器官,artificial
,,,,,,
交口称誉,口,身体部位,社会评价/声誉,称赞;舆论,表示众人一致称赞，核心是集体正面评价，而非“口”,artificial
,,,,,,
金口玉言,口,身体部位,言语/表达,权威;智慧,表示话语珍贵且具有权威性或智慧，核心是评价内容，而非器官,artificial
,,,,,,
绝口不道,口,身体部位,沉默/保密,言语;回避,表示完全不提某事，核心是回避或沉默，而非言语行为本身,artificial
,,,,,,
口碑载道,口,身体部位,社会评价/声誉,称赞;广泛传播,表示赞誉广泛流传，核心是社会评价，而非“口”的字面意义,artificial
,,,,,,
口不言钱,口,身体部位,品格/态度,廉洁;克制,表示不谈钱，体现一种克制或清高态度，而非言语行为本身,artificial
,,,,,,
口不应心,口,身体部位,心理/认知冲突,言语;不一致,表示说的话与内心想法不一致，核心是心理与表达的冲突,artificial
,,,,,,
口齿伶俐,口;齿,身体部位,言语/表达能力,流利;机敏,表示说话流畅、反应敏捷，核心是语言能力，而非器官本身,artificial
,,,,,,
口出狂言,口,身体部位,言语/表达,冲动;不当言论,表示说出狂妄或不当的话，核心是言语行为的失控或不当性,artificial
,,,,,,
口恶心善,口,身体部位,品格/性格,善良;直率,表示说话尖刻但内心善良，核心是性格评价，而非言语或器官,artificial
,,,,,,
口耳之学,口;耳,身体部位,知识/认知,不可靠;浅薄,表示通过听闻获得的浅薄知识，核心是知识来源与可靠性，而非器官,artificial
,,,,,,
口干舌燥,口;舌,身体部位,身体/生理状态,疲劳;过度言语,表示口干舌燥的状态，可由说话过多引起，核心是生理状态,artificial
,,,,,,
口讲指画,口;指,身体部位,言语/表达方式,动作辅助;说明,表示边说边用手势说明，核心是表达方式，而非器官,artificial
,,,,,,
口角春风,口,身体部位,社会评价/人际关系,称赞;支持,表示替人说好话或为人美言，核心是正面评价与人际行为,artificial
,,,,,,
口角生风,口,身体部位,言语/表达能力,流利;熟练,表示说话流畅自如，核心是语言能力，而非“风”或器官,artificial
,,,,,,
口口声声,口,身体部位,言语/表达,重复;强调,表示不断重复强调某事，核心是表达方式，而非器官,artificial
,,,,,,
口蜜腹剑,口,身体部位,道德/品格,虚伪;阴险,表示表面友好内心阴险，核心是品格评价，而非字面意象,artificial
,,,,,,
口如悬河,口,身体部位,言语/表达能力,流畅;雄辩,表示说话滔滔不绝，核心是表达能力，而非“河”的比喻,artificial
,,,,,,
口是心非,口,身体部位,心理/认知冲突,虚伪;不一致,表示言语与内心不一致，核心是心理与表达的冲突,artificial
,,,,,,
口说无凭,口,身体部位,认知/证据,不可靠;缺乏证据,表示仅凭口说没有证据，核心是认知与证据问题,artificial
,,,,,,
口血未干,口,身体部位,道德/行为评价,背信;违约,表示刚刚立誓就违背承诺，核心是道德行为，而非字面“血”,artificial
,,,,,,
口燥唇干,口;唇,身体部位,身体/生理状态,疲劳;徒劳言语,表示因说话过多而口干，也可引申为徒劳劝说,artificial
,,,,,,
口中雌黄,口,身体部位,言语/表达,随意;不负责任,表示说话随意、不负责任，核心是言语行为评价,artificial
,,,,,,
口诛笔伐,口;笔,身体部位/工具,言语/表达,批评;攻击,表示通过言语和文字进行批评攻击，核心是表达行为,artificial
,,,,,,
苦口婆心,口,身体部位,行为/态度,劝导;关怀,表示耐心反复劝导他人，核心是行为态度，而非“口”本身,artificial
,,,,,,
脍炙人口,口,身体部位,社会评价/声誉,流行;广泛传播;称赞,表示作品或事物广为流传、深受喜爱，核心是社会评价，而非“口”的字面意义,artificial
,,,,,,
琅琅上口,口,身体部位,言语/表达特性,流畅;易读,表示读起来顺口流畅，核心是语言形式特性，而非器官,artificial
,,,,,,
良药苦口,口,身体部位,认知/价值判断,劝诫;真理;负面感受,表示有益的忠告往往难以接受，核心是认知与价值判断，而非味觉或器官,artificial
,,,,,,
骂不绝口,口,身体部位,言语/表达,攻击;持续;负面评价,表示不断辱骂他人，核心是言语攻击行为，而非器官,artificial
,,,,,,
满口称赞,口,身体部位,社会评价/声誉,称赞;积极评价,表示不断称赞某人或某事，核心是正面评价，而非“口”,artificial
,,,,,,
免开尊口,口,身体部位,行为/交际策略,礼貌;拒绝;替代行动,表示不必开口请求，对方会主动完成，核心是交际行为，而非器官,artificial
,,,,,,
讷口敏行,口,身体部位,行为/品格,少言;行动力强,表示说话少但行动敏捷，核心是行为与品格对比,artificial
,,,,,,
讷口少言,口,身体部位,行为/品格,沉默;内敛,表示少言寡语，核心是性格或行为特征，而非器官,artificial
,,,,,,
弄口鸣舌,口;舌,身体部位,言语/行为,挑拨;制造矛盾,表示用言语挑拨离间，核心是社会行为，而非器官动作,artificial
,,,,,,
贫嘴薄舌,嘴;舌,身体部位,言语/表达,尖刻;多话;负面评价,表示说话尖刻或爱插嘴，核心是言语行为评价,artificial
,,,,,,
破口大骂,口,身体部位,言语/表达,攻击;情绪失控;辱骂,表示情绪激烈地辱骂他人，核心是言语攻击行为,artificial
,,,,,,
钳口不言,口,身体部位,沉默/保密,回避;压抑表达,表示紧闭不言，核心是沉默行为，而非器官,artificial
,,,,,,
七嘴八舌,嘴;舌,身体部位,言语/表达,混乱;多人发言;嘈杂,表示多人同时说话，核心是表达混乱状态,artificial
,,,,,,
轻口薄舌,口;舌,身体部位,言语/表达,轻率;尖刻;负面评价,表示说话轻率或带讽刺意味，核心是言语态度,artificial
,,,,,,
人多嘴杂,嘴,身体部位,社会/群体行为,意见分歧;复杂性,表示人多意见杂乱，核心是群体互动，而非器官,artificial
,,,,,,
任口胡说,口,身体部位,言语/表达,随意;不负责任;错误信息,表示随意胡说、不加思考地说话，核心是言语行为的不负责任，而非“口”的字面意义,artificial
,,,,,,
如出一口,口,身体部位,言语/表达,一致;统一意见,表示大家说法一致，核心是表达一致性，而非器官,artificial
,,,,,,
三缄其口,口,身体部位,沉默/保密,克制;谨慎,表示极力保持沉默、不发言，核心是行为控制，而非器官,artificial
,,,,,,
杀人灭口,口,身体部位,行为/暴力行为,掩盖;消除证据,表示通过杀人来消除证据或隐瞒真相，核心是行为目的，而非“口”,artificial
,,,,,,
矢口不移,口,身体部位,言语/表达,坚持;不改变,表示在言语上坚持原说法，核心是态度与立场，而非器官,artificial
,,,,,,
矢口抵赖,口,身体部位,言语/表达,否认;推卸责任,表示坚决否认事实或责任，核心是言语行为与态度,artificial
,,,,,,
守口如瓶,口,身体部位,沉默/保密,谨慎;守密,表示严守秘密不泄露，核心是行为控制，而非器官,artificial
,,,,,,
授人口实,口,身体部位,社会/交互行为,被批评;被攻击;失误,表示给他人提供批评或攻击的依据，核心是社会互动后果,artificial
,,,,,,
素口骂人,口,身体部位,言语/表达,攻击;虚伪;负面评价,表示口头辱骂他人或言行不一致，核心是言语行为评价,artificial
,,,,,,
笑口常开,口,身体部位,情绪/状态,愉快;友好,表示经常面带笑容，核心是情绪状态，而非器官,artificial
,,,,,,
信口开河,口,身体部位,言语/表达,随意;夸张;不真实,表示随意说话、夸大其词，核心是言语行为失控,artificial
,,,,,,
哑口无言,口,身体部位,困境/无言以对,惊讶;无法回应,表示无话可说或无法回应，核心是处境，而非器官,artificial
,,,,,,
掩口而笑,口,身体部位,行为/情绪表达,含蓄;克制;愉悦,表示掩口而笑，核心是表达方式与情绪，而非器官,artificial
,,,,,,
养家糊口,口,身体部位,经济/生存行为,家庭责任;谋生,表示维持家庭生计，核心是经济行为，而非“口”,artificial
,,,,,,
一口咬定,口,身体部位,言语/表达,坚持;立场;不改变,表示在言语上坚持某种说法或立场不改变，核心是态度，而非“咬”的字面意义,artificial
,,,,,,
引为口实,口,身体部位,社会/交互行为,借口;利用;辩解,表示把某事作为借口或依据加以利用，核心是社会行为，而非器官,artificial
,,,,,,
油嘴滑舌,嘴;舌,身体部位,言语/表达,虚伪;花言巧语;负面评价,表示说话油滑、不真诚，核心是言语态度评价，而非器官,artificial
,,,,,,
有口难辩,口,身体部位,困境/无辩解能力,言语;表达;受限,表示难以为自己辩解或表达真实想法，核心是处境，而非“口”,artificial
,,,,,,
砸嘴弄舌,嘴;舌,身体部位,言语/表达,花言巧语;炫耀;不真实,表示用言语夸饰或卖弄，核心是表达行为，而非器官动作,artificial
,,,,,,
张口结舌,口;舌,身体部位,困境/无言以对,惊讶;无法回应,表示因惊讶或无措而说不出话，核心是心理与处境，而非器官,artificial
,,,,,,
众口难调,口,身体部位,社会/群体行为,意见分歧;难以满足,表示难以满足所有人的不同意见，核心是群体互动,artificial
,,,,,,
众口烁金,口,身体部位,社会/认知影响,舆论;影响力;谣言,表示众人之言可以形成强大影响甚至改变认知，核心是舆论作用,artificial
,,,,,,
众口一词,口,身体部位,言语/表达,一致;统一意见,表示大家说法一致，核心是表达一致性,artificial
,,,,,,
众口纷纭,口,身体部位,言语/表达,混乱;多种说法;不一致,表示众说纷纭、意见不一，核心是表达多样性与混乱,artificial
,,,,,,
嘴上无毛,嘴,身体部位,身份/年龄评价,年轻;缺乏经验,表示年纪轻或缺乏经验，核心是社会评价，而非外貌本身,artificial
,,,,,,
赤膊上阵,膊,身体部位,行为/行动,直接;公开;无掩饰,表示直接投入行动或公开参与，核心是行为方式，与“口”无关,artificial
,,,,,,
割臂之盟,臂,身体部位,社会/关系行为,承诺;忠诚;秘密关系,表示通过誓约建立忠诚或亲密关系，核心是社会关系行为，而非身体动作,artificial
,,,,,,
使臂使指,臂;指,身体部位,行为/能力,控制;指挥;高效,表示指挥自如、运用灵活，核心是能力与控制，而非身体部位,artificial
,,,,,,
失之交臂,臂,身体部位,机会/结果,错过;遗憾,表示错失机会，核心是事件结果，而非“臂”的字面意义,artificial
,,,,,,
一臂之力,臂,身体部位,社会/合作行为,帮助;支持,表示给予帮助或支持，核心是社会互动行为，而非身体力量,artificial
,,,,,,
髀肉复生,髀;肉,身体部位,状态/人生处境,懒散;虚度时间,表示因无所事事而虚度光阴，核心是人生状态，而非身体变化,artificial
,,,,,,
冰肌玉骨,肌;骨,身体部位,外貌/审美评价,美丽;纯洁,表示外貌洁白美丽，核心是审美评价，而非字面身体结构,artificial
,,,,,,
酒池肉林,肉,食物/身体元素,社会/行为方式,放纵;奢靡;享乐,表示生活奢侈放纵，核心是行为方式，而非食物本身,artificial
,,,,,,
酒肉朋友,肉,食物/身体元素,社会/关系类型,浅薄关系;享乐关系,表示只在吃喝玩乐中交往的朋友，核心是关系类型,artificial
,,,,,,
沦肌浃髓,肌;髓,身体部位,心理/感受,深刻影响;强烈体验,表示影响或感受极其深刻，核心是心理体验，而非身体,artificial
,,,,,,
肉食者鄙,肉,食物/身体元素,社会/身份评价,权贵;狭隘;无能,表示当权者见识短浅，核心是社会评价，而非饮食行为,artificial
,,,,,,
弱肉强食,肉,食物/身体元素,社会/自然法则,竞争;强者优势,表示弱者被强者压制的规律，核心是抽象法则，而非字面“肉”,artificial
,,,,,,
肉袒面缚,肉,身体部位,行为/社会行为,投降;认错;屈服,表示主动认输或谢罪，核心是行为与态度，而非身体动作,artificial
,,,,,,
肉眼凡胎,肉;眼,身体部位,认知/能力评价,普通;局限;无洞察力,表示凡人眼光有限，核心是认知能力，而非身体结构,artificial
,,,,,,
食肉寝皮,肉;皮,身体部位/食物,情绪/态度,仇恨;报复,表示对敌人怀有极深的仇恨，甚至希望其灭亡，核心是情绪与态度，而非字面行为,artificial
,,,,,,
剜肉补疮,肉,身体部位,行为/问题处理,错误方法;短视;负面后果,表示用错误的方法解决问题，反而带来更坏结果，核心是策略问题，而非身体动作,artificial
,,,,,,
白发苍苍,发,身体部位,外貌/年龄特征,衰老;年老,表示头发花白，象征年老，核心是年龄状态，而非单纯外貌描写,artificial
,,,,,,
白发红颜,发,身体部位,外貌/年龄评价,健康;反差;活力,表示年老但面色红润，核心是状态反差与健康评价,artificial
,,,,,,
发指眦裂,发;眦,身体部位,情绪/状态,愤怒;极端情绪,表示极度愤怒，核心是情绪状态，而非身体变化,artificial
,,,,,,
燎发摧枯,发,身体部位,能力/结果,轻易;高效;压倒性,表示轻松战胜对手或完成任务，核心是结果与能力，而非动作,artificial
,,,,,,
令人发指,发,身体部位,情绪/社会评价,愤怒;震惊;谴责,表示事情令人极度愤怒或震惊，核心是情绪反应与社会评价,artificial
,,,,,,
怒发冲冠,发,身体部位,情绪/状态,愤怒;激烈,表示愤怒到极点，核心是情绪强度，而非身体描写,artificial
,,,,,,
发短心长,发,身体部位,认知/能力评价,经验;智慧;成熟,表示虽年老但富有经验和智慧，核心是认知能力,artificial
,,,,,,
捉襟见肘,肘,身体部位,困境/资源不足,困难;不足;局限,表示资源不足或处境窘迫，核心是困境,artificial
,,,,,,
包藏祸心,心,身体部位,道德/品格,恶意;阴谋;不良动机,表示内心怀有恶意或阴谋，核心是心理与品格,artificial
,,,,,,
别具匠心,心,身体部位,评价/创造力,独创性;创新;设计感,表示具有独特创意，核心是创造力评价，而非“心”,artificial
,,,,,,
别有用心,心,身体部位,意图/动机,隐藏目的;不良动机;算计,表示另有企图，核心是动机层面,artificial
,,,,,,
不得人心,心,身体部位,社会/评价,不受欢迎;失去支持;负面声誉,表示不被大众接受，核心是社会评价,artificial
,,,,,,
财迷心窍,心,身体部位,心理/状态,贪婪;被欲望控制;失去理智,表示被金钱迷惑，核心是心理状态,artificial
,,,,,,
恻隐之心,心,身体部位,情感/道德情感,同情;怜悯;共情,表示对他人的怜悯之情，核心是情感,artificial
,,,,,,
茶饭无心,心,身体部位,心理/状态,心不在焉;忧虑;情绪低落,表示没有心思做事，核心是心理状态,artificial
,,,,,,
敞开心扉,心,身体部位,言语/表达,坦诚;开放;情感表达,表示坦率表达内心，核心是表达方式,artificial
,,,,,,
臣心如水,心,身体部位,道德/品格,清廉;正直;无私,表示内心纯净，核心是道德品质,artificial
,,,,,,
称心如意,心,身体部位,情感/状态,满足;如愿;幸福感,表示事情符合心意，核心是情感状态,artificial
,,,,,,
诚心诚意,心,身体部位,态度/品格,真诚;诚恳;无虚假,表示态度真诚，核心是行为态度,artificial
,,,,,,
痴心妄想,心,身体部位,认知/错误认知,幻想;不切实际;非理性期望,表示不现实的幻想，核心是认知错误,artificial
,,,,,,
赤子之心,心,身体部位,品格/情感,纯真;善良;真诚,表示纯洁无邪的心，核心是品格,artificial
,,,,,,
赤心报国,心,身体部位,社会/价值观,爱国;忠诚;责任感,表示对国家忠诚，核心是价值观,artificial
,,,,,,
处心积虑,心,身体部位,认知/策略,谋划;算计;长期计划,表示长期精心策划，核心是认知策略,artificial
,,,,,,
椎心泣血,心,身体部位,情感/强烈情绪,悲痛;极度痛苦;哀伤,表示极度悲伤与痛苦，核心是情感强度，而非“心”,artificial
,,,,,,
从心所欲,心,身体部位,行为/自主性,随意;自由;按意愿行动,表示按照自己意愿行动，核心是行为自主性,artificial
,,,,,,
粗心大意,心,身体部位,认知/注意力,疏忽;不专心;粗心,表示缺乏注意力与谨慎，核心是认知状态,artificial
,,,,,,
摧心剖肝,心;肝,身体部位,情感/强烈情绪,痛苦;悲伤;精神折磨,表示极度痛苦，核心是情感体验,artificial
,,,,,,
大快人心,心,身体部位,情感/集体情绪,痛快;满意;公众认同,表示让大家感到痛快，核心是集体情绪,artificial
,,,,,,
大得人心,心,身体部位,社会/评价,受欢迎;获得支持;声望,表示广受欢迎，核心是社会评价,artificial
,,,,,,
大发善心,心,身体部位,情感/道德情感,善良;怜悯;同情,表示产生善意与同情，核心是道德情感,artificial
,,,,,,
悼心失图,心,身体部位,认知/决策受损,悲伤影响判断;计划失败,表示因悲伤导致判断失误，核心是认知受损,artificial
,,,,,,
得心应手,心;手,身体部位,能力/技能掌控,熟练;顺手;高效,表示做事得心应手，核心是能力水平,artificial
,,,,,,
掉以轻心,心,身体部位,认知/态度,轻视;疏忽;不重视,表示对事情不够重视，核心是态度问题,artificial
,,,,,,
定下决心,心,身体部位,认知/决策,决心;意志;坚定选择,表示做出坚定决定，核心是决策过程,artificial
,,,,,,
动人心魄,心,身体部位,情感/强烈情绪,震撼;感动;情绪冲击,表示情感上受到强烈震撼，核心是情感反应，而非“心”,artificial
,,,,,,
动人心弦,心,身体部位,情感/情绪触发,感动;共鸣;情绪唤起,表示引发内心共鸣，核心是情感触发机制,artificial
,,,,,,
独出心裁,心,身体部位,认知/创造力,创新;独特;构思新颖,表示构思独特，核心是创造力,artificial
,,,,,,
费尽心机,心,身体部位,认知/策略,谋划;算计;用尽手段,表示用尽各种方法达成目的，核心是策略性认知,artificial
,,,,,,
费心劳力,心,身体部位,行为/投入程度,付出;努力;辛苦,表示付出大量精力，核心是投入程度,artificial
,,,,,,
抚心自问,心,身体部位,认知/自我反思,反省;内省;自我审视,表示进行自我反思，核心是认知行为,artificial
,,,,,,
高下在心,心,身体部位,认知/判断,权衡;判断;内在把握,表示心中已有判断标准，核心是决策与判断,artificial
,,,,,,
攻心为上,心,身体部位,策略/心理战,心理影响;操控;战略,表示通过心理手段取胜，核心是策略而非“心”,artificial
,,,,,,
钩心斗角,心,身体部位,社会/人际关系,算计;争斗;勾心斗角,表示人与人之间的复杂争斗，核心是社会行为,artificial
,,,,,,
蛊惑人心,心,身体部位,认知/操控,误导;煽动;操纵思想,表示影响他人思想，核心是认知操控,artificial
,,,,,,
归心似箭,心,身体部位,情感/动机,思乡;急切;回归愿望,表示强烈的回归愿望，核心是情感动机,artificial
,,,,,,
鬼迷心窍,心,身体部位,认知/异常状态,迷惑;失去理智;执念,表示思维失常，核心是认知异常,artificial
,,,,,,
寒心酸鼻,心,身体部位,情感/负面情绪,悲伤;失望;痛苦,表示悲伤与失望，核心是情感,artificial
,,,,,,
好心好意,心,身体部位,情感/态度,善意;好意;真诚,表示出于善意，核心是情感态度,artificial
,,,,,,
怀恨在心,心,身体部位,情感/负面情绪,怨恨;记仇;不满,表示长期记恨，核心是情感状态,artificial
,,,,,,
灰心丧气,心,身体部位,情感/心理状态,沮丧;失去信心;消极,表示情绪低落，核心是心理状态,artificial
,,,,,,
回心转意,心,身体部位,认知/决策变化,改变主意;转变立场,表示改变决定，核心是认知过程,artificial
,,,,,,
会心一笑,心,身体部位,情感/认知共鸣,理解;默契;心领神会,表示彼此理解，核心是认知+情感共鸣,artificial
,,,,,,
蕙质兰心,心,身体部位,品格/气质,高雅;纯洁;美好品质,表示高尚品格，核心是品格评价,artificial
,,,,,,
计上心来,心,身体部位,认知/生成过程,灵感;突发想法;策略形成,表示突然想到办法，核心是认知生成,artificial
,,,,,,
觊觎之心,心,身体部位,动机/欲望,贪欲;觊觎;占有欲,表示不正当欲望，核心是动机,artificial
,,,,,,
见财起心,心,身体部位,动机/道德偏差,贪念;犯罪动机;诱惑,表示因利益产生恶念，核心是动机+道德,artificial
,,,,,,
见猎心喜,心,身体部位,情感/兴趣,热情;兴奋;兴趣激活,表示对熟悉事物产生兴趣，核心是情感,artificial
,,,,,,
江心补漏,心,身体部位,行为/时机错误,为时已晚;补救无效,表示补救太晚，核心是行为评价,artificial
,,,,,,
将心比心,心,身体部位,社会/伦理原则,同理心;换位思考;公平,表示设身处地，核心是社会伦理,artificial
,,,,,,
匠心独运,心,身体部位,认知/创造力,创新;独特设计;匠心,表示独特创意，核心是创造力,artificial
,,,,,,
降心相从,心,身体部位,社会/行为调整,让步;顺从;放弃立场,表示放弃自身意见顺从他人，核心是社会行为而非“心”,artificial
,,,,,,
锦心绣腹,心;腹,身体部位,认知/才华,文采;才华;表达能力,表示文采优美，核心是认知与表达能力,artificial
,,,,,,
尽心竭力,心,身体部位,行为/投入程度,尽力;努力;全力以赴,表示竭尽全力，核心是行为投入,artificial
,,,,,,
惊心动魄,心,身体部位,情感/强烈情绪,震撼;惊恐;强烈感受,表示极强的情绪冲击，核心是情感体验,artificial
,,,,,,
精心策划,心,身体部位,认知/规划,计划;设计;精细安排,表示精细策划，核心是认知规划,artificial
,,,,,,
居心叵测,心,身体部位,动机/道德评价,恶意;不良企图;隐藏动机,表示动机不良，核心是道德判断,artificial
,,,,,,
空心架子,心,身体部位,评价/本质特征,空洞;无实质;虚有其表,表示没有实际内容，核心是评价,artificial
,,,,,,
空心汤团,心,身体部位,评价/价值判断,空想;无收益;虚假承诺,表示表面好但无实际价值，核心是价值评价,artificial
,,,,,,
扣人心弦,心,身体部位,情感/触发机制,感动;吸引;情绪共鸣,表示引发强烈情感反应，核心是情感触发,artificial
,,,,,,
苦心经营,心,身体部位,行为/长期投入,努力;经营;持续付出,表示长期努力，核心是行为过程,artificial
,,,,,,
苦心孤诣,心,身体部位,认知/成就过程,钻研;专注;达到高水平,表示通过努力达到高成就，核心是认知与过程,artificial
,,,,,,
兰形棘心,心,身体部位,评价/表里不一,虚伪;外表美好内心恶劣,表示外表与内心不一致，核心是道德评价,artificial
,,,,,,
冷心冷面,心,身体部位,情感/态度,冷漠;无情;不动情,表示缺乏情感，核心是态度,artificial
,,,,,,
力不从心,心,身体部位,能力/限制,能力不足;力不从心;无能为力,表示能力无法满足意愿，核心是能力限制,artificial
,,,,,,
理亏心虚,心,身体部位,认知/心理状态,心虚;缺乏信心;有错在先,表示因理亏而不自信，核心是心理状态,artificial
,,,,,,
离心离德,心,身体部位,社会/关系状态,分裂;不忠;不一致,表示关系破裂，核心是社会关系,artificial
,,,,,,
利欲熏心,心,身体部位,动机/道德偏差,贪婪;利益驱动;道德沦丧,表示被利益驱动，核心是动机+道德,artificial
,,,,,,
良工心苦,心,身体部位,认知/创造过程,用心;精心;创作艰辛,表示创作投入与辛苦，核心是认知过程,artificial
,,,,,,
聊表寸心,心,身体部位,情感/表达程度,表达心意;有限表达;谦辞,表示略微表达情感，核心是表达程度而非“心”,artificial
,,,,,,
笼络人心,心,身体部位,社会/操控,拉拢;获取支持;影响他人,表示通过手段获取他人支持，核心是社会操控,artificial
,,,,,,
镂心刻骨,心;骨,身体部位,认知/记忆,深刻记忆;难忘;铭记,表示记忆深刻，核心是认知（记忆）,artificial
,,,,,,
戮力齐心,心,身体部位,社会/集体行为,合作;团结;共同努力,表示团结协作，核心是社会行为,artificial
,,,,,,
瞒心昧己,心,身体部位,道德/良知,违背良心;自欺;道德缺失,表示违背内心良知，核心是道德判断,artificial
,,,,,,
满怀信心,心,身体部位,心理/状态,自信;信念;积极态度,表示充满信心，核心是心理状态,artificial
,,,,,,
漫不经心,心,身体部位,认知/注意力,不专心;疏忽;不重视,表示缺乏注意，核心是认知状态,artificial
,,,,,,
昧己瞒心,心,身体部位,道德/良知,自欺;违背良心;掩饰真相,表示违背内心良知，核心是道德判断,artificial
,,,,,,
漠不关心,心,身体部位,情感/态度,冷漠;无关心;缺乏兴趣,表示对事物不关心，核心是情感态度,artificial
,,,,,,
木石心肠,心,身体部位,情感/性格特征,冷酷;无情;缺乏同情,表示情感冷漠，核心是性格特征,artificial
,,,,,,
木人石心,心,身体部位,情感/性格特征,冷漠;无情;缺乏同情,表示像木头石头一样无情，核心是性格冷漠,artificial
,,,,,,
呕心沥血,心,身体部位,行动/努力,付出巨大努力;辛苦工作;奉献,表示极大付出与努力，核心是行动与投入,artificial
,,,,,,
平心而论,心,身体部位,认知/判断,客观;公正;理性判断,表示客观评价，核心是认知判断,artificial
,,,,,,
平心静气,心,身体部位,心理/状态,冷静;平稳;控制情绪,表示保持冷静状态，核心是心理状态,artificial
,,,,,,
菩萨心肠,心,身体部位,情感/性格特征,善良;仁慈;同情心,表示心地善良，核心是性格特征,artificial
,,,,,,
沁人心脾,心;脾,身体部位,情感/体验,愉悦;舒适;感官享受,表示令人愉悦，核心是情感体验,artificial
,,,,,,
清心寡欲,心,身体部位,心理/状态,克制欲望;淡泊;清净,表示减少欲望，核心是心理状态,artificial
,,,,,,
全无心肝,心;肝,身体部位,道德/品格,残忍;无情;缺乏良知,表示无情无义，核心是道德评价,artificial
,,,,,,
全心全意,心,身体部位,行动/态度,全力以赴;专心;投入,表示完全投入，核心是行动态度,artificial
,,,,,,
人老心红,心,身体部位,性格/态度,热情;忠诚;积极,表示虽老但热情，核心是性格态度,artificial
,,,,,,
人心不古,心,身体部位,社会/道德评价,道德衰退;世风下降,表示社会风气变坏，核心是社会评价,artificial
,,,,,,
人心惶惶,心,身体部位,情感/状态,恐慌;焦虑;不安,表示群体恐慌，核心是情感状态,artificial
,,,,,,
人心所向,心,身体部位,社会/集体意志,公众意愿;支持;倾向,表示大众意志，核心是社会意志,artificial
,,,,,,
人心向背,心,身体部位,社会/态度,支持与反对;民意分化,表示人心取向，核心是社会态度,artificial
,,,,,,
柔心弱骨,心;骨,身体部位,性格特征,温和;柔弱;性格软弱,表示性格柔弱，核心是性格特征,artificial
,,,,,,
三心二意,心,身体部位,认知/决策状态,犹豫;不专一;动摇,表示不坚定，核心是决策状态,artificial
,,,,,,
丧心病狂,心,身体部位,道德/心理异常,极端残忍;疯狂;失去理性,表示极端恶劣行为，核心是道德+心理异常,artificial
,,,,,,
煞费苦心,心,身体部位,行动/努力,费尽心思;努力;策划,表示投入大量努力，核心是行动,artificial
,,,,,,
伤心惨目,心;目,身体部位,情感/体验,悲痛;惨烈;令人难受,表示令人悲痛，核心是情感体验,artificial
,,,,,,
赏心悦目,心;目,身体部位,情感/体验,愉悦;美感;视觉享受,表示令人愉悦，核心是情感体验,artificial
,,,,,,
深入人心,心,身体部位,认知/影响,影响深刻;被接受;传播,表示深入认知，核心是认知影响,artificial
,,,,,,
师心自用,心,身体部位,认知/态度,自负;主观;固执,表示只相信自己，核心是认知态度,artificial
,,,,,,
实心实意,心,身体部位,情感/态度,真诚;诚恳;真实,表示真心，核心是情感态度,artificial
,,,,,,
世道人心,心,身体部位,社会/道德,社会风气;人心状态,表示社会整体状态，核心是社会道德,artificial
,,,,,,
事与心违,心,身体部位,认知/期望,愿望落空;不符合预期,表示现实与愿望冲突，核心是认知落差,artificial
,,,,,,
私心杂念,心,身体部位,道德/心理,自私;杂念;动机不纯,表示内心不纯，核心是道德心理,artificial
,,,,,,
死心塌地,心,身体部位,态度/行为,坚定;执着;忠诚,表示非常坚定，核心是态度行为,artificial
,,,,,,
贪心不足,心,身体部位,道德/心理,贪婪;欲望无止境,表示贪欲无穷，核心是道德与心理特征,artificial
,,,,,,
提心吊胆,心;胆,身体部位,情感/状态,恐惧;焦虑;紧张,表示持续恐惧不安，核心是情感状态,artificial
,,,,,,
天地良心,心,身体部位,道德/判断,良知;诚实;正直,表示凭良心说话，核心是道德判断,artificial
,,,,,,
天理良心,心,身体部位,道德/判断,良知;正义;道德规范,表示符合天理良心，核心是道德判断,artificial
,,,,,,
铁石心肠,心;肠,身体部位,情感/性格特征,冷酷;无情;残忍,表示冷酷无情，核心是性格特征,artificial
,,,,,,
童心未泯,心,身体部位,性格/心理,天真;纯真;童趣,表示保持童真，核心是心理特征,artificial
,,,,,,
同心同德,心,身体部位,社会/关系,团结;一致;合作,表示共同目标与意志，核心是社会关系,artificial
,,,,,,
痛心疾首,心;首,身体部位,情感/状态,痛苦;悔恨;悲伤,表示极度痛苦或悔恨，核心是情感状态,artificial
,,,,,,
痛下决心,心,身体部位,认知/决策,坚定决定;决心;果断,表示做出艰难决定，核心是认知决策,artificial
,,,,,,
推心置腹,心;腹,身体部位,社会/交往,坦诚;信任;真诚交流,表示坦诚相待，核心是社会交往,artificial
,,,,,,
挖空心思,心,身体部位,认知/努力,费尽心思;思考;策划,表示极度思考，核心是认知努力,artificial
,,,,,,
万箭穿心,心,身体部位,情感/体验,极度痛苦;悲伤;打击,表示强烈痛苦体验，核心是情感体验,artificial
,,,,,,
万众一心,心,身体部位,社会/集体意志,团结;一致;共同目标,表示群体一致，核心是集体意志,artificial
,,,,,,
枉费心机,心,身体部位,行动/结果,徒劳;无效努力;失败,表示努力无效，核心是行动结果,artificial
,,,,,,
违心之论,心,身体部位,认知/态度,违背内心;不真实;勉强,表示言不由衷，核心是认知态度,artificial
,,,,,,
问心无愧,心,身体部位,道德/心理,无愧;坦然;良心安定,表示内心无愧，核心是道德心理,artificial
,,,,,,
无所用心,心,身体部位,心理/态度,漫不经心;冷漠;不投入,表示不投入，核心是心理态度,artificial
,,,,,,
洗心革面,心,身体部位,行为/转变,改过自新;转变;重新做人,表示彻底改变，核心是行为转变,artificial
,,,,,,
小心谨慎,心,身体部位,行为/态度,谨慎;小心;警惕,表示谨慎行事，核心是行为态度,artificial
,,,,,,
蜂拥而上,蜂,动物,行为/群体行为,迅速;聚集;大量行动,表示大量人迅速聚集或行动，核心是群体行为，而非“蜂”,artificial
,,,,,,
招蜂引蝶,蜂;蝶,动物,行为/人际行为,吸引异性;调情;轻佻,表示吸引异性或轻佻行为，核心是人际行为，而非昆虫,artificial
,,,,,,
飞鹰走狗,鹰;狗,动物,行为/娱乐活动,狩猎;享乐;消遣,表示从事狩猎等娱乐活动，核心是行为方式，而非动物,artificial
,,,,,,
饥鹰饿虎,鹰;虎,动物,品格/性格,残忍;贪婪;凶狠,表示人像猛兽一样贪婪凶狠，核心是性格评价,artificial
,,,,,,
鹰鼻鹞眼,鹰;鹞,动物,外貌/性格评价,凶狠;狡诈;阴险,表示外貌或神态凶狠阴险，核心是评价，而非动物特征,artificial
,,,,,,
鹰瞵鹗视,鹰;鹗,动物,行为/状态,凶狠;警觉;威慑,表示目光凶狠、警觉，核心是状态与气势,artificial
,,,,,,
鹰瞵虎视,鹰;虎,动物,行为/状态,威胁;凶狠;觊觎,表示带有威胁性地注视，核心是行为与意图,artificial
,,,,,,
鹰拿燕雀,鹰;燕;雀,动物,能力/结果,轻松;容易;压倒性优势,表示轻而易举地完成某事，核心是结果,artificial
,,,,,,
鹰犬塞途,鹰;犬,动物,社会/权力结构,压迫;控制;权势,表示权势人物或爪牙横行，核心是社会关系,artificial
,,,,,,
鹰视虎步,鹰;虎,动物,品格/行为,野心;阴险;威慑,表示行为中带有野心或阴险，核心是性格与行为,artificial
,,,,,,
鹰扬虎视,鹰;虎,动物,外貌/气质评价,威严;雄壮;气势,表示气势雄伟，核心是气质评价,artificial
,,,,,,
博士买驴,驴,动物,言语/表达,冗长;空洞;无效表达,表示说话或写作冗长无用，核心是表达问题,artificial
,,,,,,
非驴非马,驴;马,动物,认知/分类,模糊;不明确;不成体系,表示事物不清楚、不伦不类，核心是认知判断,artificial
,,,,,,
驴鸣狗吠,驴;狗,动物,言语/表达,粗俗;低劣;无价值,表示文章或语言低劣，核心是评价,artificial
,,,,,,
驴年马月,驴;马,动物,时间/概念,遥远;不可能;虚无,表示不会到来的时间，核心是时间概念,artificial
,,,,,,
骑驴倒堕,驴,动物,状态/情境,意外;失误;反常,表示发生异常或出乎意料的情况，核心是情境变化,artificial
,,,,,,
骑驴找马,驴;马,动物,行为/选择策略,不满足;寻找更好;比较,表示在已有条件下寻找更好选择，核心是策略行为,artificial
,,,,,,
黔驴技穷,驴,动物,能力/状态,无能;穷尽;无计可施,表示能力用尽、无计可施，核心是能力状态,artificial
卸磨杀驴,驴,动物,社会/行为评价,忘恩负义;利用后抛弃,表示在利用完他人后将其抛弃，核心是社会行为与道德评价，而非“驴”,artificial
,,,,,,
蛛丝马迹,蛛;马,动物,认知/推理,线索;痕迹;推断依据,表示细微的线索或迹象，核心是认知过程,artificial
,,,,,,
蛛网尘封,蛛,动物,状态/环境,荒废;久未使用;冷落,表示长时间无人使用或被遗忘的状态,artificial
,,,,,,
鲸吞虎噬,鲸;虎,动物,行为/社会行为,贪婪;掠夺;压迫,表示贪婪地侵占他人利益，核心是行为方式,artificial
,,,,,,
鹡鸰在原,鹡鸰,动物,社会/关系情感,兄弟情;互助;亲情,表示兄弟之间相互关爱，核心是关系情感,artificial
,,,,,,
蚌鹬争衡,蚌;鹬,动物,社会/互动关系,冲突;两败俱伤;第三方获利,表示双方争斗反而让第三者得利,artificial
,,,,,,
百兽率舞,兽,动物,社会/政治评价,太平;和谐;德治,表示社会安定、政治清明，核心是社会状态,artificial
,,,,,,
飞禽走兽,禽;兽,动物,分类/概念,动物总体;自然类别,表示各种动物，核心是概念分类（少数接近字面义的情况）,artificial
,,,,,,
困兽犹斗,兽,动物,行为/状态,绝境反抗;顽强;拼搏,表示人在绝境中仍奋力反抗,artificial
,,,,,,
鸟声兽心,鸟;兽,动物,道德/品格,虚伪;残忍;表里不一,表示表面温和内心残忍，核心是品格评价,artificial
,,,,,,
禽奔兽遁,禽;兽,动物,行为/群体状态,逃散;混乱;慌乱,表示人群四散奔逃，核心是群体行为,artificial
,,,,,,
禽困覆车,禽,动物,行为/状态,绝望反抗;极端行为,表示人在绝境中可能采取激烈行动,artificial
,,,,,,
禽兽不如,禽;兽,动物,道德/评价,卑劣;残忍;不道德,表示行为极其恶劣，核心是道德评价,artificial
,,,,,,
人面兽心,兽,动物,道德/品格,残忍;虚伪;伪善,表示外表像人但内心残忍，核心是品格评价,artificial
,,,,,,
人头畜鸣,畜,动物,认知/能力评价,愚蠢;无知;低劣,表示人却像牲畜一样愚蠢，核心是能力评价,artificial
,,,,,,
兽聚鸟散,兽;鸟,动物,社会/群体行为,聚散无常;不稳定,表示人群聚散无常，核心是群体状态,artificial
,,,,,,
率兽食人,兽,动物,社会/权力行为,压迫;暴政;剥削,表示统治者残害人民，核心是社会行为,artificial
,,,,,,
衣冠禽兽,禽;兽,动物,道德/品格,伪善;卑鄙;虚伪,表示外表体面但内心卑劣，核心是道德评价,artificial
,,,,,,
珍禽奇兽,禽;兽,动物,分类/概念,稀有;珍贵;自然类别,表示珍稀动物，核心是概念分类（接近字面义的情况）,artificial
,,,,,,
版筑饭牛,牛,动物,社会/身份评价,出身低微;成功;逆袭,表示出身卑微但最终取得成就，核心是社会评价,artificial
,,,,,,
吹牛拍马,牛;马,动物,言语/表达,夸大;奉承;虚伪,表示吹嘘和奉承他人，核心是言语行为，而非动物,artificial
,,,,,,
椎牛飨士,牛,动物,社会/行为,奖励;慷慨;激励,表示用丰厚待遇奖励他人，核心是社会行为,artificial
,,,,,,
带牛佩犊,牛,动物,社会/生活转变,归隐;转业;和平生活,表示从军旅或战斗生活回归平民生活,artificial
,,,,,,
对牛弹琴,牛,动物,言语/表达,无效沟通;对象不理解;徒劳,表示对不懂的人讲道理，核心是沟通失败,artificial
,,,,,,
多如牛毛,牛,动物,数量/程度,大量;极多,表示数量非常多，核心是数量概念,artificial
,,,,,,
放牛归马,牛;马,动物,社会/状态,和平;结束冲突,表示战争结束、恢复和平,artificial
,,,,,,
汗牛充栋,牛,动物,数量/状态,丰富;积累;知识量大,表示书籍或知识极多，核心是数量与积累,artificial
,,,,,,
九牛一毛,牛,动物,数量/程度,微小;可忽略;比例极小,表示数量极少，核心是比例关系,artificial
,,,,,,
老牛破车,牛,动物,状态/能力,缓慢;低效;落后,表示行动缓慢或效率低，核心是状态评价,artificial
,,,,,,
牛黄狗宝,牛;狗,动物,道德/品格,虚伪;伪善;负面评价,表示表面珍贵实则无价值或虚伪，核心是评价,artificial
,,,,,,
老牛舐犊,牛,动物,情感/关系,亲情;关爱;父母之爱,表示父母对子女的深厚感情,artificial
,,,,,,
卖剑买牛,牛,动物,行为/人生转变,弃武从文;改过;回归平静,表示放弃战争或暴力，回归和平生活,artificial
,,,,,,
目无全牛,牛,动物,能力/技能掌握,熟练;精通;经验丰富,表示对某项技能极其熟练，达到熟能生巧的程度，核心是技能掌握，而非“牛”,artificial
,,,,,,
泥牛入海,牛,动物,状态/结果,消失;无回音;无结果,表示一去不返或毫无音讯，核心是结果状态,artificial
,,,,,,
牛刀割鸡,牛;鸡,动物,行为/资源使用,浪费;不匹配;大材小用,表示用过大的资源处理小事，核心是资源配置不当,artificial
,,,,,,
牛刀小试,牛,动物,能力/表现,初试;展示才能;潜力,表示初次展示才能但已显出高水平，核心是能力表现,artificial
,,,,,,
牛鼎烹鸡,牛;鸡,动物,行为/资源使用,浪费;大材小用;不匹配,表示用过高资源处理小事，核心是行为评价,artificial
,,,,,,
牛鬼蛇神,牛;蛇,动物,社会/道德评价,邪恶;负面人物;混乱,表示各种坏人或不良事物，核心是道德评价,artificial
,,,,,,
牛骥共牢,牛;骥,动物,社会/关系状态,混杂;不分优劣;不公平,表示贤者与庸者混在一起，核心是社会结构问题,artificial
,,,,,,
牛马生活,牛;马,动物,生活状态,劳累;压迫;辛苦,表示像牲畜一样辛苦的生活，核心是生活状态,artificial
,,,,,,
牛毛细雨,牛,动物,自然/现象,细小;持续;微弱,表示细密的小雨，核心是自然现象（较接近字面隐喻）,artificial
,,,,,,
牛溲马勃,牛;马,动物,价值/评价,廉价;低价值;实用性,表示看似低贱但有用的事物，核心是价值评价,artificial
,,,,,,
牛首马面,牛;马,动物,外貌/道德评价,丑陋;可怕;负面形象,表示外貌或形象丑恶，核心是评价,artificial
,,,,,,
牛衣对泣,牛,动物,社会/生活状态,贫困;困苦;艰难,表示生活贫困，核心是社会状态,artificial
,,,,,,
气喘如牛,牛,动物,身体/状态,疲惫;剧烈呼吸,表示非常疲劳，核心是身体状态,artificial
,,,,,,
气壮如牛,牛,动物,能力/状态,强壮;有力;精力充沛,表示体力或气势强大，核心是状态评价,artificial
,,,,,,
如牛负重,牛,动物,状态/负担,压力大;沉重;责任,表示承担沉重负担，核心是状态,artificial
,,,,,,
土牛土马,牛;马,动物,价值/评价,无用;低价值;虚假,表示没有实际价值的事物，核心是评价,artificial
,,,,,,
钻牛角尖,牛,动物,认知/思维方式,钻研过度;偏执;死板,表示思维狭窄或过于纠结细节，核心是认知方式,artificial
,,,,,,
棒打鸳鸯,鸳鸯,动物,社会/关系行为,拆散;干预;破坏关系,表示强行拆散情侣，核心是社会行为,artificial
,,,,,,
凫趋雀跃,凫;雀,动物,情绪/状态,喜悦;兴奋;活跃,表示非常高兴、兴奋，核心是情绪状态，而非“鸟类行为”,artificial
,,,,,,
乱点鸳鸯,鸳鸯,动物,社会/关系行为,强制婚姻;干预;不匹配,表示强行撮合不合适的婚姻，核心是社会关系行为,artificial
,,,,,,
趋之若鹜,鹜,动物,行为/群体行为,盲从;追逐;大量聚集,表示人们盲目地争相追逐某事物，核心是群体行为,artificial
,,,,,,
鸳梦重温,鸳鸯,动物,情感/关系,爱情;回忆;复燃,表示重温旧情或爱情，核心是情感关系,artificial
,,,,,,
即鹿无虞,鹿,动物,行为/决策,准备不足;冒险;缺乏条件,表示在没有准备的情况下贸然行动，核心是决策问题,artificial
,,,,,,
鹿死谁手,鹿,动物,结果/竞争,胜负;不确定;竞争结果,表示胜负未定，核心是竞争结果,artificial
,,,,,,
群雄逐鹿,鹿,动物,社会/权力竞争,争夺;权力;竞争,表示多方争夺权力，核心是社会竞争,artificial
,,,,,,
指鹿为马,鹿;马,动物,社会/权力行为,颠倒黑白;操控;专制,表示故意混淆是非，核心是权力操控行为,artificial
,,,,,,
中原逐鹿,鹿,动物,社会/权力竞争,争夺;统治;竞争,表示争夺政权或领导地位，核心是权力竞争,artificial
,,,,,,
铜驼荆棘,驼,动物,社会/历史状态,荒废;衰败;战乱后果,表示因战争导致的荒废景象，核心是历史状态,artificial
,,,,,,
猫哭老鼠,猫;鼠,动物,道德/品格,虚伪;假同情;伪善,表示假装同情他人，核心是道德评价,artificial
,,,,,,
猫鼠同眠,猫;鼠,动物,社会/权力关系,勾结;腐败;纵容,表示权力者与下属勾结，核心是社会关系,artificial
,,,,,,
照猫画虎,猫;虎,动物,认知/学习方式,模仿;机械;缺乏创造,表示机械模仿，核心是认知方式,artificial
,,,,,,
鸮心鹂舌,鸮;鹂,动物,道德/品格,虚伪;表里不一;欺骗,表示内心恶毒但言语动听，核心是品格,artificial
,,,,,,
獐头鼠目,獐;鼠,动物,外貌/道德评价,丑陋;猥琐;低劣,表示外貌或气质低劣，核心是评价,artificial
,,,,,,
鞍前马后,马,动物,社会/角色关系,服从;跟随;服务,表示跟随侍奉他人，核心是社会角色,artificial
,,,,,,
按图索骥,骥,动物,认知/方法,依赖信息;机械查找;缺乏灵活性,表示根据已有信息寻找目标，核心是方法与认知，而非“马”,artificial
,,,,,,
白驹过隙,驹,动物,时间/概念,短暂;流逝;迅速,表示时间飞快流逝，核心是时间概念,artificial
,,,,,,
白马素车,马,动物,社会/仪式,丧葬;哀悼;仪式,表示丧葬场景，核心是社会文化行为,artificial
,,,,,,
白马王子,马,动物,社会/人物形象,理想对象;浪漫;吸引力,表示理想男性形象，核心是社会文化概念,artificial
,,,,,,
兵荒马乱,马,动物,社会/状态,混乱;战争;动荡,表示战争带来的混乱状态，核心是社会状态,artificial
,,,,,,
兵强马壮,马,动物,能力/实力,强大;战斗力;资源充足,表示力量强大，核心是能力与资源,artificial
,,,,,,
伯乐相马,马,动物,能力/识别,识才;发现人才;判断能力,表示识别人才的能力，核心是认知能力,artificial
,,,,,,
车殆马烦,马,动物,状态/身体状态,疲劳;消耗;劳累,表示极度疲劳，核心是状态,artificial
,,,,,,
车水马龙,马,动物,社会/群体状态,繁忙;密集;流动,表示交通繁忙或人流密集,artificial
,,,,,,
单枪匹马,马,动物,行为/行动方式,独立;单独;无助,表示独自行动，核心是行为方式,artificial
,,,,,,
肥马轻裘,马,动物,社会/生活状态,富裕;奢华;享受,表示生活富足，核心是生活状态,artificial
,,,,,,
附骥名彰,骥,动物,社会/关系策略,依附;借势;获取名声,表示依附他人获得名声，核心是策略行为,artificial
,,,,,,
高头大马,马,动物,外貌/身体特征,高大;强壮;体格,表示人或马体格高大，核心是外貌特征,artificial
,,,,,,
害群之马,马,动物,社会/群体评价,破坏者;负面个体;影响群体,表示对群体有害的人，核心是社会评价,artificial
,,,,,,
汗马功劳,马,动物,行为/成就,贡献;功劳;努力成果,表示重要贡献或功绩，核心是成就评价,artificial
,,,,,,
金戈铁马,马,动物,社会/战争概念,战争;军事;历史象征,表示战争或军事场景，核心是历史与社会概念，而非“马”,artificial
,,,,,,
驹齿未落,驹,动物,身份/年龄评价,年轻;缺乏经验,表示年纪尚轻、经验不足，核心是社会评价,artificial
,,,,,,
渴骥奔泉,骥,动物,状态/需求,渴望;迫切需求,表示极其迫切的需求，核心是心理或生理状态,artificial
,,,,,,
快马加鞭,马,动物,行为/行动方式,加速;努力;提高效率,表示加快行动速度或加强努力，核心是行为方式,artificial
,,,,,,
老骥伏枥,骥,动物,情感/志向,抱负;坚持;老而不衰,表示年老仍有远大志向，核心是心理与志向,artificial
,,,,,,
老马恋栈,马,动物,情感/心理状态,依恋;怀旧;不愿离开,表示对旧环境或旧关系的依恋，核心是情感状态,artificial
,,,,,,
老马识途,马,动物,能力/经验,经验丰富;熟悉情况,表示经验丰富，核心是认知能力,artificial
,,,,,,
马不停蹄,马,动物,行为/行动方式,持续;不间断;勤奋,表示不停地行动或工作，核心是行为状态,artificial
,,,,,,
马齿徒增,马,动物,人生/状态评价,虚度;无成就;年龄增长,表示年龄增长却没有成就，核心是人生评价,artificial
,,,,,,
马到成功,马,动物,结果/成就,迅速成功;顺利;效率高,表示迅速取得成功，核心是结果,artificial
,,,,,,
马革裹尸,马,动物,社会/行为价值,牺牲;忠诚;战争死亡,表示为国捐躯，核心是价值与行为,artificial
,,,,,,
马角乌白,马,动物,时间/可能性,不可能;荒谬;虚幻,表示不可能发生的事情，核心是逻辑与可能性,artificial
,,,,,,
马空冀北,马,动物,社会/资源分配,人才集中;资源被占用,表示人才被集中或垄断，核心是社会结构,artificial
,,,,,,
马牛其风,马;牛,动物,认知/评价,杂乱;不一致;无关联,表示事物杂乱无章，核心是认知判断,artificial
,,,,,,
马牛襟裾,马;牛,动物,道德/品格,无礼;粗俗;不守规范,表示人行为粗鄙，核心是道德评价,artificial
,,,,,,
马失前蹄,马,动物,结果/错误,失误;偶然错误;失败,表示发生失误，核心是结果评价,artificial
,,,,,,
马首是瞻,马,动物,社会/权力关系,服从;跟随;依附,表示听从某人指挥，核心是社会关系,artificial
,,,,,,
马仰人翻,马,动物,结果/状态,混乱;失败;崩溃,表示局势混乱或彻底失败，核心是状态结果,artificial
,,,,,,
盲人瞎马,马,动物,风险/状态,危险;无知;盲目,表示在不明情况中冒险，核心是风险状态,artificial
,,,,,,
盘马弯弓,马,动物,行为/策略,准备;威胁;展示力量,表示准备行动或展示力量，核心是策略行为,artificial
,,,,,,
求马买骨,马;骨,动物/身体部位,行为/策略,象征性投入;吸引人才;间接手段,表示通过象征性举动吸引人才或资源，核心是策略行为，而非“马骨”,artificial
,,,,,,
人喊马嘶,马,动物,社会/群体状态,喧闹;混乱;嘈杂,表示环境喧闹混乱，核心是群体状态,artificial
,,,,,,
人欢马叫,马,动物,情绪/群体状态,喜悦;热闹;庆祝,表示群体欢乐热闹，核心是情绪状态,artificial
,,,,,,
人困马乏,马,动物,状态/身体状态,疲劳;精力耗尽;劳累,表示人和整体都极度疲惫，核心是状态,artificial
,,,,,,
人中骐骥,骐骥,动物,能力/评价,杰出;优秀;稀有人才,表示极为优秀的人才，核心是能力评价,artificial
,,,,,,
戎马倥偬,马,动物,社会/职业状态,军旅生活;忙碌;战争经历,表示军旅生涯繁忙，核心是职业状态,artificial
,,,,,,
塞翁失马,马,动物,认知/哲理,祸福转化;不确定性;辩证思维,表示坏事可能转化为好事，核心是哲理认知,artificial
,,,,,,
驷马高车,马,动物,社会/地位评价,显赫;地位高;排场大,表示身份显赫，核心是社会地位,artificial
,,,,,,
驷马难追,马,动物,言语/表达,不可收回;承诺;责任,表示说出去的话无法收回，核心是言语行为,artificial
,,,,,,
束兵秣马,马,动物,行为/准备,备战;准备;行动前状态,表示为行动或战争做准备，核心是策略行为,artificial
,,,,,,
天马行空,马,动物,认知/思维方式,自由;想象力;不受限制,表示思维自由奔放，核心是认知方式,artificial
,,,,,,
童牛角马,牛;马,动物,认知/分类,矛盾;不合理;荒谬,表示事物不合逻辑或不合理，核心是认知判断,artificial
,,,,,,
脱缰之马,马,动物,行为/状态,失控;无法约束;放纵,表示行为失去控制，核心是状态,artificial
,,,,,,
万马奔腾,马,动物,状态/动态表现,气势;发展迅速;规模宏大,表示发展迅猛或气势宏大，核心是动态状态,artificial
,,,,,,
万马齐喑,马,动物,社会/状态,压抑;沉默;缺乏表达,表示整体沉默或压抑氛围，核心是社会状态，而非“马”,artificial
,,,,,,
下马看花,马,动物,认知/方法,深入调查;仔细观察;分析,表示停下来仔细观察或研究，核心是认知方法,artificial
,,,,,,
鲜车怒马,车;马,动物,社会/生活状态,奢华;富裕;排场,表示生活豪华，核心是社会状态,artificial
,,,,,,
悬崖勒马,马,动物,行为/决策,及时停止;避免危险;自我控制,表示在危险前及时停止，核心是决策行为,artificial
,,,,,,
野马无缰,马,动物,行为/状态,失控;放纵;无约束,表示不受约束或行为失控，核心是状态,artificial
,,,,,,
一马当先,马,动物,行为/行动方式,领先;带头;主动,表示率先行动，核心是行为方式,artificial
,,,,,,
一马平川,马,动物,空间/地理概念,平坦;开阔;无障碍,表示地势平坦，核心是空间概念,artificial
,,,,,,
仗马寒蝉,马;蝉,动物,行为/状态,沉默;不发声;畏惧,表示不敢说话，核心是行为状态,artificial
,,,,,,
走马上任,马,动物,社会/职业行为,就职;上任;履职,表示开始担任职务，核心是社会行为,artificial
,,,,,,
白云苍狗,狗,动物,时间/变化,变化无常;不稳定;短暂,表示世事变化无常，核心是时间与变化,artificial
,,,,,,
打落水狗,狗,动物,行为/社会行为,追击;压制;落井下石,表示对失败者继续打击，核心是行为评价,artificial
,,,,,,
吠影吠声,狗,动物,认知/行为,盲从;缺乏判断;附和,表示盲目跟从他人，核心是认知行为,artificial
,,,,,,
狗盗鸡鸣,狗;鸡,动物,道德/行为评价,卑鄙;偷窃;暗中行动,表示行为卑劣或偷偷摸摸，核心是道德评价,artificial
,,,,,,
狗胆包天,狗,动物,行为/性格,大胆;鲁莽;无所顾忌,表示胆大妄为，核心是性格评价,artificial
,,,,,,
狗恶酒酸,狗,动物,社会/环境影响,威慑;负面影响;环境恶劣,表示环境令人畏惧或不敢接近，核心是影响关系,artificial
,,,,,,
狗吠非主,狗,动物,社会/关系行为,忠诚;立场;维护所属,表示人维护自己的阵营或立场，核心是社会关系,artificial
,,,,,,
狗急跳墙,狗,动物,行为/状态,绝境反抗;极端行为;绝望,表示人在被逼到绝境时会采取激烈行动，核心是行为状态,artificial
,,,,,,
狗拿耗子,狗;鼠,动物,行为/社会行为,越权;多管闲事;干涉,表示插手不属于自己的事务，核心是社会行为,artificial
,,,,,,
狗屁不通,狗,动物,评价/认知,无意义;荒谬;低质量,表示言论毫无价值或逻辑混乱，核心是评价,artificial
,,,,,,
狗皮膏药,狗,动物,评价/社会行为,欺骗;虚假;无效,表示假冒或无效的事物，核心是评价,artificial
,,,,,,
狗头军师,狗,动物,能力/评价,无能;错误建议;低水平,表示提供错误建议的人，核心是能力评价,artificial
,,,,,,
狗尾续貂,狗,动物,评价/作品结构,多余;质量下降;不协调,表示后续内容质量低劣，核心是评价,artificial
,,,,,,
狗血喷头,狗,动物,言语/行为,辱骂;攻击;强烈批评,表示对他人进行激烈辱骂，核心是言语行为,artificial
,,,,,,
狗仗人势,狗,动物,社会/权力行为,依附;欺压;仗势欺人,表示依靠权势欺压他人，核心是社会行为,artificial
,,,,,,
狗彘不如,狗;彘,动物,道德/评价,卑劣;低下;不道德,表示品行极其低劣，核心是道德评价,artificial
,,,,,,
关门打狗,狗,动物,行为/策略,围堵;消灭;不给退路,表示彻底打击对方，核心是策略行为,artificial
,,,,,,
狂犬吠日,犬,动物,评价/认知,狂妄;无知;不自量力,表示无能却攻击强者，核心是认知评价,artificial
,,,,,,
犬马齿索,犬;马,动物,人生/状态,衰老;年老;体力下降,表示进入老年阶段，核心是人生状态,artificial
,,,,,,
犬马之齿,犬;马,动物,人生/状态,年龄;衰老;自谦表达,表示自己的年龄（谦辞），核心是人生状态,artificial
,,,,,,
犬马之劳,犬;马,动物,社会/关系行为,服务;忠诚;自谦,表示愿意为他人效劳，核心是社会行为,artificial
,,,,,,
犬马之年,犬;马,动物,人生/身份表达,年龄;自谦;礼貌表达,表示自己的年龄（谦辞），核心是社会表达功能，而非“动物”,artificial
,,,,,,
犬马之心,犬;马,动物,情感/品格,忠诚;奉献;真诚,表示真心忠诚，核心是品格与情感,artificial
,,,,,,
犬牙交错,犬牙,动物/身体部位,空间/结构,交错;复杂;不规则,表示结构或关系复杂交错，核心是空间与结构关系,artificial
,,,,,,
犬牙鹰爪,犬;鹰,动物,社会/角色评价,爪牙;帮凶;工具人,表示为他人效力的帮凶，核心是社会角色,artificial
,,,,,,
犬牙相临,犬牙,动物/身体部位,空间/结构,接壤;交错;边界复杂,表示边界交错复杂，核心是空间关系,artificial
,,,,,,
丧家之犬,犬,动物,社会/状态,失势;无依无靠;被抛弃,表示失去依靠的人，核心是社会状态,artificial
,,,,,,
声色狗马,狗;马,动物,社会/生活方式,享乐;放纵;娱乐生活,表示沉溺享乐生活，核心是生活方式,artificial
,,,,,,
蜀犬吠日,犬,动物,认知/判断,见识浅薄;少见多怪;误判,表示因无知而误判，核心是认知问题,artificial
,,,,,,
陶犬瓦鸡,犬;鸡,动物,评价/价值,无用;低价值;装饰性,表示没有实际价值的事物，核心是评价,artificial
,,,,,,
蝉不知雪,蝉,动物,认知/局限性,见识短浅;认知局限;经验不足,表示认知范围有限，核心是认知局限,artificial
,,,,,,
蝉腹龟肠,蝉;龟,动物,状态/身体状态,饥饿;空虚;匮乏,表示饥饿或空虚，核心是身体状态,artificial
,,,,,,
金蝉脱壳,蝉,动物,行为/策略,逃脱;转移;脱身,表示用计策脱身，核心是行为策略,artificial
,,,,,,
噤若寒蝉,蝉,动物,行为/状态,沉默;恐惧;不敢发声,表示因恐惧而保持沉默，核心是状态,artificial
,,,,,,
蛙鸣蝉噪,蛙;蝉,动物,感知/评价,嘈杂;扰人;低质量声音,表示声音杂乱刺耳，核心是感知评价,artificial
,,,,,,
封豕长蛇,豕;蛇,动物,道德/品格,贪婪;残暴;恶劣,表示人贪婪且残暴，核心是道德评价,artificial
,,,,,,
牧猪奴戏,猪,动物,行为/人生评价,沉迷;不务正业;堕落,表示沉迷不正当行为导致堕落，核心是人生评价,artificial
,,,,,,
杀彘教子,彘,动物,行为/教育,以身作则;诚信;教育方式,表示通过实际行动教育子女，核心是教育与诚信，而非“猪”,artificial
,,,,,,
信及豚鱼,豚;鱼,动物,社会/评价,信誉;信任;声誉,表示信誉极高，核心是社会评价,artificial
,,,,,,
猪狗不如,猪;狗,动物,道德/评价,卑劣;低下;不道德,表示品行极其低劣，核心是道德评价,artificial
,,,,,,
,,,,,,
呆若木鸡,鸡,动物,状态/心理状态,呆滞;惊恐;失神,表示因震惊或恐惧而呆住，核心是心理状态,artificial
,,,,,,
缚鸡之力,鸡,动物,能力/身体能力,虚弱;无力;体力不足,表示力量极小，核心是能力评价,artificial
,,,,,,
鸡虫得失,鸡;虫,动物,评价/价值,琐碎;微不足道;无关紧要,表示得失很小，核心是价值评价,artificial
,,,,,,
鸡飞蛋打,鸡,动物,结果/状态,失败;损失;两败俱失,表示事情完全失败，核心是结果,artificial
,,,,,,
鸡飞狗走,鸡;狗,动物,状态/群体状态,混乱;慌乱;失序,表示场面混乱，核心是群体状态,artificial
,,,,,,
鸡口牛后,鸡;牛,动物,社会/选择策略,宁为首;不为从;优先选择地位,表示宁可做小地方的头，也不愿居于末位，核心是策略选择,artificial
,,,,,,
鸡零狗碎,鸡;狗,动物,评价/集合特征,零碎;杂乱;琐事,表示零碎杂乱的事物，核心是评价,artificial
,,,,,,
鸡毛蒜皮,鸡,动物,评价/价值,微小;琐碎;无关紧要,表示事情很小，核心是价值评价,artificial
,,,,,,
鸡鸣而起,鸡,动物,行为/生活方式,勤奋;早起;自律,表示早起勤奋，核心是行为习惯,artificial
,,,,,,
鸡鸣狗吠,鸡;狗,动物,社会/环境状态,生活气息;乡村景象;日常声音,表示生活气息浓厚，核心是环境状态,artificial
,,,,,,
鸡犬不惊,鸡;犬,动物,行为/社会行为,纪律严明;无扰民;秩序良好,表示行动有序不扰民，核心是行为评价,artificial
,,,,,,
鸡犬不留,鸡;犬,动物,行为/结果,彻底毁灭;残酷;无遗留,表示彻底消灭，核心是结果与行为,artificial
,,,,,,
鸡犬不宁,鸡;犬,动物,状态/社会状态,混乱;不安;骚动,表示环境不安，核心是社会状态,artificial
,,,,,,
鸡犬飞天,鸡;犬,动物,社会/权力现象,裙带关系;利益输送;攀附,表示因权势关系获得好处，核心是社会现象,artificial
,,,,,,
鸡鹜相争,鸡;鹜,动物,行为/竞争,争夺;利益冲突;小规模竞争,表示争夺小利益，核心是行为竞争,artificial
,,,,,,
嫁鸡随鸡,鸡,动物,社会/性别角色,依附;婚姻角色;命运绑定,表示女性婚后依附丈夫，核心是社会角色与性别规范，而非“鸡”,artificial
,,,,,,
见卵求鸡,卵;鸡,动物,认知/推理,过早推断;不切实际;乐观预期,表示根据不充分信息过早下结论，核心是认知问题,artificial
,,,,,,
金鸡报晓,鸡,动物,时间/自然现象,黎明;时间提示;日常节律,表示清晨到来，核心是时间概念（接近隐喻化字面义）,artificial
,,,,,,
金鸡独立,鸡,动物,身体/动作状态,平衡;姿势;技巧,表示单脚站立的姿势，核心是身体动作,artificial
,,,,,,
鸡胸龟背,鸡;龟,动物,外貌/评价,畸形;丑陋;体态异常,表示体态难看，核心是外貌评价,artificial
,,,,,,
牝鸡司晨,鸡,动物,社会/性别角色,权力颠倒;女性主导;越权,表示女性掌权（带贬义），核心是社会角色,artificial
,,,,,,
杀鸡儆猴,鸡;猴,动物,行为/策略,威慑;示范;惩罚他人以警告群体,表示通过惩罚个体警示他人，核心是策略行为,artificial
,,,,,,
杀鸡取卵,鸡,动物,行为/经济决策,短视;过度索取;不可持续,表示为短期利益损害长期利益，核心是决策问题,artificial
,,,,,,
偷鸡盗狗,鸡;狗,动物,行为/道德评价,偷窃;不正当行为;轻微犯罪,表示小偷小摸或不正当行为，核心是道德评价,artificial
,,,,,,
闻鸡起舞,鸡,动物,行为/生活方式,勤奋;自律;积极进取,表示刻苦努力，核心是行为习惯,artificial
,,,,,,
小肚鸡肠,鸡,动物,性格/心理特征,狭隘;计较;敏感,表示心胸狭窄，核心是性格特征,artificial
,,,,,,
指鸡骂狗,鸡;狗,动物,言语/表达策略,含沙射影;间接攻击;隐喻批评,表示通过影射方式批评他人，核心是表达策略,artificial