chengyu,mot_clef,literal_keyword_category,label_principal,labels_secondaires,label_final,labels,人生,冲动,分类,品格,外貌,态度,恐惧,情感,状态,社会,积累,能力,行为,言语,认知,评价,身体,道德
集腋成裘,腋,身体部位,积累/成就,行动;努力,积累,"['积累', '行为']",0,0,0,0,0,0,0,0,0,0,1,0,1,0,0,0,0,0
巾帼须眉,须眉,身体部位/性别象征,社会身份/性别评价,能力;品格,社会,"['社会', '能力', '道德']",0,0,0,0,0,0,0,0,0,1,0,1,0,0,0,0,0,1
须眉男子,须眉,身体部位/性别象征,社会身份/性别评价,品格;气概,社会,"['品格', '社会', '道德']",0,0,0,1,0,0,0,0,0,1,0,0,0,0,0,0,0,1
须髯如戟,须髯,身体部位,外貌/形象,气概;威严,外貌,"['品格', '外貌']",0,0,0,1,1,0,0,0,0,0,0,0,0,0,0,0,0,0
百口莫辨,口,身体部位,困境/无辩解能力,言语;表达,状态,"['状态', '言语']",0,0,0,0,0,0,0,0,1,0,0,0,0,1,0,0,0,0
笨嘴笨舌,嘴;舌,身体部位,能力不足/表达困难,言语;表达,能力,"['能力', '言语']",0,0,0,0,0,0,0,0,0,0,0,1,0,1,0,0,0,0
闭口不言,口,身体部位,沉默/保密,言语;表达,言语,['言语'],0,0,0,0,0,0,0,0,0,0,0,0,0,1,0,0,0,0
赤口毒舌,口;舌,身体部位,言语/攻击性表达,道德负面;伤害,言语,"['言语', '道德']",0,0,0,0,0,0,0,0,0,0,0,0,0,1,0,0,0,1
冲口而出,口,身体部位,冲动/失控,言语;表达,冲动,"['冲动', '言语']",0,1,0,0,0,0,0,0,0,0,0,0,0,1,0,0,0,0
出口成章,口,身体部位,言语/表达能力,才华;文采,言语,"['能力', '言语']",0,0,0,0,0,0,0,0,0,0,0,1,0,1,0,0,0,0
出口伤人,口,身体部位,言语/攻击性表达,伤害;道德负面,言语,"['言语', '道德']",0,0,0,0,0,0,0,0,0,0,0,0,0,1,0,0,0,1
大饱口福,口,身体部位,身体/感官体验,饮食;享受,身体,['身体'],0,0,0,0,0,0,0,0,0,0,0,0,0,0,0,0,1,0
杜口裹足,口;足,身体部位,恐惧/困境,沉默;不行动,恐惧,"['恐惧', '言语']",0,0,0,0,0,0,1,0,0,0,0,0,0,1,0,0,0,0
多嘴多舌,嘴;舌,身体部位,言语/表达,多话;失言;社会负面评价,言语,['言语'],0,0,0,0,0,0,0,0,0,0,0,0,0,1,0,0,0,0
反咬一口,口,身体部位,道德/品格,背叛;忘恩负义,道德,['道德'],0,0,0,0,0,0,0,0,0,0,0,0,0,0,0,0,0,1
风口浪尖,口,身体部位,危险/困境,舆论;社会压力,状态,['状态'],0,0,0,0,0,0,0,0,1,0,0,0,0,0,0,0,0,0
祸从口出,口,身体部位,言语/表达,危险;后果;谨慎,言语,"['状态', '言语']",0,0,0,0,0,0,0,0,1,0,0,0,0,1,0,0,0,0
交口称誉,口,身体部位,社会评价/声誉,称赞;舆论,社会,['社会'],0,0,0,0,0,0,0,0,0,1,0,0,0,0,0,0,0,0
金口玉言,口,身体部位,言语/表达,权威;智慧,言语,['言语'],0,0,0,0,0,0,0,0,0,0,0,0,0,1,0,0,0,0
绝口不道,口,身体部位,沉默/保密,言语;回避,言语,['言语'],0,0,0,0,0,0,0,0,0,0,0,0,0,1,0,0,0,0
口碑载道,口,身体部位,社会评价/声誉,称赞;广泛传播,社会,['社会'],0,0,0,0,0,0,0,0,0,1,0,0,0,0,0,0,0,0
口不言钱,口,身体部位,品格/态度,廉洁;克制,品格,['道德'],0,0,0,0,0,0,0,0,0,0,0,0,0,0,0,0,0,1
口不应心,口,身体部位,心理/认知冲突,言语;不一致,情感,"['情感', '言语']",0,0,0,0,0,0,0,1,0,0,0,0,0,1,0,0,0,0
口齿伶俐,口;齿,身体部位,言语/表达能力,流利;机敏,言语,['言语'],0,0,0,0,0,0,0,0,0,0,0,0,0,1,0,0,0,0
口出狂言,口,身体部位,言语/表达,冲动;不当言论,言语,"['冲动', '言语']",0,1,0,0,0,0,0,0,0,0,0,0,0,1,0,0,0,0
口恶心善,口,身体部位,品格/性格,善良;直率,品格,['道德'],0,0,0,0,0,0,0,0,0,0,0,0,0,0,0,0,0,1
口耳之学,口;耳,身体部位,知识/认知,不可靠;浅薄,认知,['认知'],0,0,0,0,0,0,0,0,0,0,0,0,0,0,1,0,0,0
口干舌燥,口;舌,身体部位,身体/生理状态,疲劳;过度言语,身体,['身体'],0,0,0,0,0,0,0,0,0,0,0,0,0,0,0,0,1,0
口讲指画,口;指,身体部位,言语/表达方式,动作辅助;说明,言语,['言语'],0,0,0,0,0,0,0,0,0,0,0,0,0,1,0,0,0,0
口角春风,口,身体部位,社会评价/人际关系,称赞;支持,社会,['社会'],0,0,0,0,0,0,0,0,0,1,0,0,0,0,0,0,0,0
口角生风,口,身体部位,言语/表达能力,流利;熟练,言语,['言语'],0,0,0,0,0,0,0,0,0,0,0,0,0,1,0,0,0,0
口口声声,口,身体部位,言语/表达,重复;强调,言语,['言语'],0,0,0,0,0,0,0,0,0,0,0,0,0,1,0,0,0,0
口蜜腹剑,口,身体部位,道德/品格,虚伪;阴险,道德,['道德'],0,0,0,0,0,0,0,0,0,0,0,0,0,0,0,0,0,1
口如悬河,口,身体部位,言语/表达能力,流畅;雄辩,言语,['言语'],0,0,0,0,0,0,0,0,0,0,0,0,0,1,0,0,0,0
口是心非,口,身体部位,心理/认知冲突,虚伪;不一致,情感,['情感'],0,0,0,0,0,0,0,1,0,0,0,0,0,0,0,0,0,0
口说无凭,口,身体部位,认知/证据,不可靠;缺乏证据,认知,['认知'],0,0,0,0,0,0,0,0,0,0,0,0,0,0,1,0,0,0
口血未干,口,身体部位,道德/行为评价,背信;违约,道德,['道德'],0,0,0,0,0,0,0,0,0,0,0,0,0,0,0,0,0,1
口燥唇干,口;唇,身体部位,身体/生理状态,疲劳;徒劳言语,身体,['身体'],0,0,0,0,0,0,0,0,0,0,0,0,0,0,0,0,1,0
口中雌黄,口,身体部位,言语/表达,随意;不负责任,言语,['言语'],0,0,0,0,0,0,0,0,0,0,0,0,0,1,0,0,0,0
口诛笔伐,口;笔,身体部位/工具,言语/表达,批评;攻击,言语,['言语'],0,0,0,0,0,0,0,0,0,0,0,0,0,1,0,0,0,0
苦口婆心,口,身体部位,行为/态度,劝导;关怀,行为,['行为'],0,0,0,0,0,0,0,0,0,0,0,0,1,0,0,0,0,0
脍炙人口,口,身体部位,社会评价/声誉,流行;广泛传播;称赞,社会,['社会'],0,0,0,0,0,0,0,0,0,1,0,0,0,0,0,0,0,0
琅琅上口,口,身体部位,言语/表达特性,流畅;易读,言语,['言语'],0,0,0,0,0,0,0,0,0,0,0,0,0,1,0,0,0,0
良药苦口,口,身体部位,认知/价值判断,劝诫;真理;负面感受,认知,['认知'],0,0,0,0,0,0,0,0,0,0,0,0,0,0,1,0,0,0
骂不绝口,口,身体部位,言语/表达,攻击;持续;负面评价,言语,['言语'],0,0,0,0,0,0,0,0,0,0,0,0,0,1,0,0,0,0
满口称赞,口,身体部位,社会评价/声誉,称赞;积极评价,社会,['社会'],0,0,0,0,0,0,0,0,0,1,0,0,0,0,0,0,0,0
免开尊口,口,身体部位,行为/交际策略,礼貌;拒绝;替代行动,行为,['行为'],0,0,0,0,0,0,0,0,0,0,0,0,1,0,0,0,0,0
讷口敏行,口,身体部位,行为/品格,少言;行动力强,行为,['行为'],0,0,0,0,0,0,0,0,0,0,0,0,1,0,0,0,0,0
讷口少言,口,身体部位,行为/品格,沉默;内敛,行为,"['行为', '言语']",0,0,0,0,0,0,0,0,0,0,0,0,1,1,0,0,0,0
弄口鸣舌,口;舌,身体部位,言语/行为,挑拨;制造矛盾,言语,['言语'],0,0,0,0,0,0,0,0,0,0,0,0,0,1,0,0,0,0
贫嘴薄舌,嘴;舌,身体部位,言语/表达,尖刻;多话;负面评价,言语,['言语'],0,0,0,0,0,0,0,0,0,0,0,0,0,1,0,0,0,0
破口大骂,口,身体部位,言语/表达,攻击;情绪失控;辱骂,言语,['言语'],0,0,0,0,0,0,0,0,0,0,0,0,0,1,0,0,0,0
钳口不言,口,身体部位,沉默/保密,回避;压抑表达,言语,['言语'],0,0,0,0,0,0,0,0,0,0,0,0,0,1,0,0,0,0
七嘴八舌,嘴;舌,身体部位,言语/表达,混乱;多人发言;嘈杂,言语,['言语'],0,0,0,0,0,0,0,0,0,0,0,0,0,1,0,0,0,0
轻口薄舌,口;舌,身体部位,言语/表达,轻率;尖刻;负面评价,言语,['言语'],0,0,0,0,0,0,0,0,0,0,0,0,0,1,0,0,0,0
人多嘴杂,嘴,身体部位,社会/群体行为,意见分歧;复杂性,社会,['社会'],0,0,0,0,0,0,0,0,0,1,0,0,0,0,0,0,0,0
任口胡说,口,身体部位,言语/表达,随意;不负责任;错误信息,言语,['言语'],0,0,0,0,0,0,0,0,0,0,0,0,0,1,0,0,0,0
如出一口,口,身体部位,言语/表达,一致;统一意见,言语,['言语'],0,0,0,0,0,0,0,0,0,0,0,0,0,1,0,0,0,0
三缄其口,口,身体部位,沉默/保密,克制;谨慎,言语,['言语'],0,0,0,0,0,0,0,0,0,0,0,0,0,1,0,0,0,0
杀人灭口,口,身体部位,行为/暴力行为,掩盖;消除证据,行为,['行为'],0,0,0,0,0,0,0,0,0,0,0,0,1,0,0,0,0,0
矢口不移,口,身体部位,言语/表达,坚持;不改变,言语,['言语'],0,0,0,0,0,0,0,0,0,0,0,0,0,1,0,0,0,0
矢口抵赖,口,身体部位,言语/表达,否认;推卸责任,言语,['言语'],0,0,0,0,0,0,0,0,0,0,0,0,0,1,0,0,0,0
守口如瓶,口,身体部位,沉默/保密,谨慎;守密,言语,['言语'],0,0,0,0,0,0,0,0,0,0,0,0,0,1,0,0,0,0
授人口实,口,身体部位,社会/交互行为,被批评;被攻击;失误,社会,['社会'],0,0,0,0,0,0,0,0,0,1,0,0,0,0,0,0,0,0
素口骂人,口,身体部位,言语/表达,攻击;虚伪;负面评价,言语,['言语'],0,0,0,0,0,0,0,0,0,0,0,0,0,1,0,0,0,0
笑口常开,口,身体部位,情绪/状态,愉快;友好,情感,['情感'],0,0,0,0,0,0,0,1,0,0,0,0,0,0,0,0,0,0
信口开河,口,身体部位,言语/表达,随意;夸张;不真实,言语,['言语'],0,0,0,0,0,0,0,0,0,0,0,0,0,1,0,0,0,0
哑口无言,口,身体部位,困境/无言以对,惊讶;无法回应,状态,['状态'],0,0,0,0,0,0,0,0,1,0,0,0,0,0,0,0,0,0
掩口而笑,口,身体部位,行为/情绪表达,含蓄;克制;愉悦,行为,['行为'],0,0,0,0,0,0,0,0,0,0,0,0,1,0,0,0,0,0
养家糊口,口,身体部位,经济/生存行为,家庭责任;谋生,社会,['社会'],0,0,0,0,0,0,0,0,0,1,0,0,0,0,0,0,0,0
一口咬定,口,身体部位,言语/表达,坚持;立场;不改变,言语,['言语'],0,0,0,0,0,0,0,0,0,0,0,0,0,1,0,0,0,0
引为口实,口,身体部位,社会/交互行为,借口;利用;辩解,社会,['社会'],0,0,0,0,0,0,0,0,0,1,0,0,0,0,0,0,0,0
油嘴滑舌,嘴;舌,身体部位,言语/表达,虚伪;花言巧语;负面评价,言语,['言语'],0,0,0,0,0,0,0,0,0,0,0,0,0,1,0,0,0,0
有口难辩,口,身体部位,困境/无辩解能力,言语;表达;受限,状态,"['状态', '言语']",0,0,0,0,0,0,0,0,1,0,0,0,0,1,0,0,0,0
砸嘴弄舌,嘴;舌,身体部位,言语/表达,花言巧语;炫耀;不真实,言语,['言语'],0,0,0,0,0,0,0,0,0,0,0,0,0,1,0,0,0,0
张口结舌,口;舌,身体部位,困境/无言以对,惊讶;无法回应,状态,['状态'],0,0,0,0,0,0,0,0,1,0,0,0,0,0,0,0,0,0
众口难调,口,身体部位,社会/群体行为,意见分歧;难以满足,社会,['社会'],0,0,0,0,0,0,0,0,0,1,0,0,0,0,0,0,0,0
众口烁金,口,身体部位,社会/认知影响,舆论;影响力;谣言,社会,['社会'],0,0,0,0,0,0,0,0,0,1,0,0,0,0,0,0,0,0
众口一词,口,身体部位,言语/表达,一致;统一意见,言语,['言语'],0,0,0,0,0,0,0,0,0,0,0,0,0,1,0,0,0,0
众口纷纭,口,身体部位,言语/表达,混乱;多种说法;不一致,言语,['言语'],0,0,0,0,0,0,0,0,0,0,0,0,0,1,0,0,0,0
嘴上无毛,嘴,身体部位,身份/年龄评价,年轻;缺乏经验,社会,['社会'],0,0,0,0,0,0,0,0,0,1,0,0,0,0,0,0,0,0
赤膊上阵,膊,身体部位,行为/行动,直接;公开;无掩饰,行为,['行为'],0,0,0,0,0,0,0,0,0,0,0,0,1,0,0,0,0,0
割臂之盟,臂,身体部位,社会/关系行为,承诺;忠诚;秘密关系,社会,['社会'],0,0,0,0,0,0,0,0,0,1,0,0,0,0,0,0,0,0
使臂使指,臂;指,身体部位,行为/能力,控制;指挥;高效,行为,['行为'],0,0,0,0,0,0,0,0,0,0,0,0,1,0,0,0,0,0
失之交臂,臂,身体部位,机会/结果,错过;遗憾,行为,['行为'],0,0,0,0,0,0,0,0,0,0,0,0,1,0,0,0,0,0
一臂之力,臂,身体部位,社会/合作行为,帮助;支持,社会,['社会'],0,0,0,0,0,0,0,0,0,1,0,0,0,0,0,0,0,0
髀肉复生,髀;肉,身体部位,状态/人生处境,懒散;虚度时间,状态,['状态'],0,0,0,0,0,0,0,0,1,0,0,0,0,0,0,0,0,0
冰肌玉骨,肌;骨,身体部位,外貌/审美评价,美丽;纯洁,外貌,['外貌'],0,0,0,0,1,0,0,0,0,0,0,0,0,0,0,0,0,0
酒池肉林,肉,食物/身体元素,社会/行为方式,放纵;奢靡;享乐,社会,['社会'],0,0,0,0,0,0,0,0,0,1,0,0,0,0,0,0,0,0
酒肉朋友,肉,食物/身体元素,社会/关系类型,浅薄关系;享乐关系,社会,['社会'],0,0,0,0,0,0,0,0,0,1,0,0,0,0,0,0,0,0
沦肌浃髓,肌;髓,身体部位,心理/感受,深刻影响;强烈体验,情感,['情感'],0,0,0,0,0,0,0,1,0,0,0,0,0,0,0,0,0,0
肉食者鄙,肉,食物/身体元素,社会/身份评价,权贵;狭隘;无能,社会,['社会'],0,0,0,0,0,0,0,0,0,1,0,0,0,0,0,0,0,0
弱肉强食,肉,食物/身体元素,社会/自然法则,竞争;强者优势,社会,['社会'],0,0,0,0,0,0,0,0,0,1,0,0,0,0,0,0,0,0
肉袒面缚,肉,身体部位,行为/社会行为,投降;认错;屈服,行为,['行为'],0,0,0,0,0,0,0,0,0,0,0,0,1,0,0,0,0,0
肉眼凡胎,肉;眼,身体部位,认知/能力评价,普通;局限;无洞察力,认知,['认知'],0,0,0,0,0,0,0,0,0,0,0,0,0,0,1,0,0,0
食肉寝皮,肉;皮,身体部位/食物,情绪/态度,仇恨;报复,情感,['情感'],0,0,0,0,0,0,0,1,0,0,0,0,0,0,0,0,0,0
剜肉补疮,肉,身体部位,行为/问题处理,错误方法;短视;负面后果,行为,['行为'],0,0,0,0,0,0,0,0,0,0,0,0,1,0,0,0,0,0
白发苍苍,发,身体部位,外貌/年龄特征,衰老;年老,外貌,['外貌'],0,0,0,0,1,0,0,0,0,0,0,0,0,0,0,0,0,0
白发红颜,发,身体部位,外貌/年龄评价,健康;反差;活力,外貌,['外貌'],0,0,0,0,1,0,0,0,0,0,0,0,0,0,0,0,0,0
发指眦裂,发;眦,身体部位,情绪/状态,愤怒;极端情绪,情感,['情感'],0,0,0,0,0,0,0,1,0,0,0,0,0,0,0,0,0,0
燎发摧枯,发,身体部位,能力/结果,轻易;高效;压倒性,能力,['能力'],0,0,0,0,0,0,0,0,0,0,0,1,0,0,0,0,0,0
令人发指,发,身体部位,情绪/社会评价,愤怒;震惊;谴责,情感,['情感'],0,0,0,0,0,0,0,1,0,0,0,0,0,0,0,0,0,0
怒发冲冠,发,身体部位,情绪/状态,愤怒;激烈,情感,['情感'],0,0,0,0,0,0,0,1,0,0,0,0,0,0,0,0,0,0
发短心长,发,身体部位,认知/能力评价,经验;智慧;成熟,认知,['认知'],0,0,0,0,0,0,0,0,0,0,0,0,0,0,1,0,0,0
捉襟见肘,肘,身体部位,困境/资源不足,困难;不足;局限,状态,['状态'],0,0,0,0,0,0,0,0,1,0,0,0,0,0,0,0,0,0
包藏祸心,心,身体部位,道德/品格,恶意;阴谋;不良动机,道德,['道德'],0,0,0,0,0,0,0,0,0,0,0,0,0,0,0,0,0,1
别具匠心,心,身体部位,评价/创造力,独创性;创新;设计感,评价,['评价'],0,0,0,0,0,0,0,0,0,0,0,0,0,0,0,1,0,0
别有用心,心,身体部位,意图/动机,隐藏目的;不良动机;算计,行为,['行为'],0,0,0,0,0,0,0,0,0,0,0,0,1,0,0,0,0,0
不得人心,心,身体部位,社会/评价,不受欢迎;失去支持;负面声誉,社会,['社会'],0,0,0,0,0,0,0,0,0,1,0,0,0,0,0,0,0,0
财迷心窍,心,身体部位,心理/状态,贪婪;被欲望控制;失去理智,情感,['情感'],0,0,0,0,0,0,0,1,0,0,0,0,0,0,0,0,0,0
恻隐之心,心,身体部位,情感/道德情感,同情;怜悯;共情,情感,['情感'],0,0,0,0,0,0,0,1,0,0,0,0,0,0,0,0,0,0
茶饭无心,心,身体部位,心理/状态,心不在焉;忧虑;情绪低落,情感,['情感'],0,0,0,0,0,0,0,1,0,0,0,0,0,0,0,0,0,0
敞开心扉,心,身体部位,言语/表达,坦诚;开放;情感表达,言语,['言语'],0,0,0,0,0,0,0,0,0,0,0,0,0,1,0,0,0,0
臣心如水,心,身体部位,道德/品格,清廉;正直;无私,道德,['道德'],0,0,0,0,0,0,0,0,0,0,0,0,0,0,0,0,0,1
称心如意,心,身体部位,情感/状态,满足;如愿;幸福感,情感,['情感'],0,0,0,0,0,0,0,1,0,0,0,0,0,0,0,0,0,0
诚心诚意,心,身体部位,态度/品格,真诚;诚恳;无虚假,态度,['态度'],0,0,0,0,0,1,0,0,0,0,0,0,0,0,0,0,0,0
痴心妄想,心,身体部位,认知/错误认知,幻想;不切实际;非理性期望,认知,['认知'],0,0,0,0,0,0,0,0,0,0,0,0,0,0,1,0,0,0
赤子之心,心,身体部位,品格/情感,纯真;善良;真诚,品格,['道德'],0,0,0,0,0,0,0,0,0,0,0,0,0,0,0,0,0,1
赤心报国,心,身体部位,社会/价值观,爱国;忠诚;责任感,社会,['社会'],0,0,0,0,0,0,0,0,0,1,0,0,0,0,0,0,0,0
处心积虑,心,身体部位,认知/策略,谋划;算计;长期计划,认知,['认知'],0,0,0,0,0,0,0,0,0,0,0,0,0,0,1,0,0,0
椎心泣血,心,身体部位,情感/强烈情绪,悲痛;极度痛苦;哀伤,情感,['情感'],0,0,0,0,0,0,0,1,0,0,0,0,0,0,0,0,0,0
从心所欲,心,身体部位,行为/自主性,随意;自由;按意愿行动,行为,['行为'],0,0,0,0,0,0,0,0,0,0,0,0,1,0,0,0,0,0
粗心大意,心,身体部位,认知/注意力,疏忽;不专心;粗心,认知,['认知'],0,0,0,0,0,0,0,0,0,0,0,0,0,0,1,0,0,0
摧心剖肝,心;肝,身体部位,情感/强烈情绪,痛苦;悲伤;精神折磨,情感,['情感'],0,0,0,0,0,0,0,1,0,0,0,0,0,0,0,0,0,0
大快人心,心,身体部位,情感/集体情绪,痛快;满意;公众认同,情感,['情感'],0,0,0,0,0,0,0,1,0,0,0,0,0,0,0,0,0,0
大得人心,心,身体部位,社会/评价,受欢迎;获得支持;声望,社会,['社会'],0,0,0,0,0,0,0,0,0,1,0,0,0,0,0,0,0,0
大发善心,心,身体部位,情感/道德情感,善良;怜悯;同情,情感,['情感'],0,0,0,0,0,0,0,1,0,0,0,0,0,0,0,0,0,0
悼心失图,心,身体部位,认知/决策受损,悲伤影响判断;计划失败,认知,['认知'],0,0,0,0,0,0,0,0,0,0,0,0,0,0,1,0,0,0
得心应手,心;手,身体部位,能力/技能掌控,熟练;顺手;高效,能力,['能力'],0,0,0,0,0,0,0,0,0,0,0,1,0,0,0,0,0,0
掉以轻心,心,身体部位,认知/态度,轻视;疏忽;不重视,认知,['认知'],0,0,0,0,0,0,0,0,0,0,0,0,0,0,1,0,0,0
定下决心,心,身体部位,认知/决策,决心;意志;坚定选择,认知,['认知'],0,0,0,0,0,0,0,0,0,0,0,0,0,0,1,0,0,0
动人心魄,心,身体部位,情感/强烈情绪,震撼;感动;情绪冲击,情感,['情感'],0,0,0,0,0,0,0,1,0,0,0,0,0,0,0,0,0,0
动人心弦,心,身体部位,情感/情绪触发,感动;共鸣;情绪唤起,情感,['情感'],0,0,0,0,0,0,0,1,0,0,0,0,0,0,0,0,0,0
独出心裁,心,身体部位,认知/创造力,创新;独特;构思新颖,认知,['认知'],0,0,0,0,0,0,0,0,0,0,0,0,0,0,1,0,0,0
费尽心机,心,身体部位,认知/策略,谋划;算计;用尽手段,认知,['认知'],0,0,0,0,0,0,0,0,0,0,0,0,0,0,1,0,0,0
费心劳力,心,身体部位,行为/投入程度,付出;努力;辛苦,行为,['行为'],0,0,0,0,0,0,0,0,0,0,0,0,1,0,0,0,0,0
抚心自问,心,身体部位,认知/自我反思,反省;内省;自我审视,认知,['认知'],0,0,0,0,0,0,0,0,0,0,0,0,0,0,1,0,0,0
高下在心,心,身体部位,认知/判断,权衡;判断;内在把握,认知,['认知'],0,0,0,0,0,0,0,0,0,0,0,0,0,0,1,0,0,0
攻心为上,心,身体部位,策略/心理战,心理影响;操控;战略,行为,['行为'],0,0,0,0,0,0,0,0,0,0,0,0,1,0,0,0,0,0
钩心斗角,心,身体部位,社会/人际关系,算计;争斗;勾心斗角,社会,['社会'],0,0,0,0,0,0,0,0,0,1,0,0,0,0,0,0,0,0
蛊惑人心,心,身体部位,认知/操控,误导;煽动;操纵思想,认知,['认知'],0,0,0,0,0,0,0,0,0,0,0,0,0,0,1,0,0,0
归心似箭,心,身体部位,情感/动机,思乡;急切;回归愿望,情感,['情感'],0,0,0,0,0,0,0,1,0,0,0,0,0,0,0,0,0,0
鬼迷心窍,心,身体部位,认知/异常状态,迷惑;失去理智;执念,认知,['认知'],0,0,0,0,0,0,0,0,0,0,0,0,0,0,1,0,0,0
寒心酸鼻,心,身体部位,情感/负面情绪,悲伤;失望;痛苦,情感,['情感'],0,0,0,0,0,0,0,1,0,0,0,0,0,0,0,0,0,0
好心好意,心,身体部位,情感/态度,善意;好意;真诚,情感,['情感'],0,0,0,0,0,0,0,1,0,0,0,0,0,0,0,0,0,0
怀恨在心,心,身体部位,情感/负面情绪,怨恨;记仇;不满,情感,['情感'],0,0,0,0,0,0,0,1,0,0,0,0,0,0,0,0,0,0
灰心丧气,心,身体部位,情感/心理状态,沮丧;失去信心;消极,情感,['情感'],0,0,0,0,0,0,0,1,0,0,0,0,0,0,0,0,0,0
回心转意,心,身体部位,认知/决策变化,改变主意;转变立场,认知,['认知'],0,0,0,0,0,0,0,0,0,0,0,0,0,0,1,0,0,0
会心一笑,心,身体部位,情感/认知共鸣,理解;默契;心领神会,情感,['情感'],0,0,0,0,0,0,0,1,0,0,0,0,0,0,0,0,0,0
蕙质兰心,心,身体部位,品格/气质,高雅;纯洁;美好品质,品格,['道德'],0,0,0,0,0,0,0,0,0,0,0,0,0,0,0,0,0,1
计上心来,心,身体部位,认知/生成过程,灵感;突发想法;策略形成,认知,['认知'],0,0,0,0,0,0,0,0,0,0,0,0,0,0,1,0,0,0
觊觎之心,心,身体部位,动机/欲望,贪欲;觊觎;占有欲,行为,['行为'],0,0,0,0,0,0,0,0,0,0,0,0,1,0,0,0,0,0
见财起心,心,身体部位,动机/道德偏差,贪念;犯罪动机;诱惑,行为,['行为'],0,0,0,0,0,0,0,0,0,0,0,0,1,0,0,0,0,0
见猎心喜,心,身体部位,情感/兴趣,热情;兴奋;兴趣激活,情感,['情感'],0,0,0,0,0,0,0,1,0,0,0,0,0,0,0,0,0,0
江心补漏,心,身体部位,行为/时机错误,为时已晚;补救无效,行为,['行为'],0,0,0,0,0,0,0,0,0,0,0,0,1,0,0,0,0,0
将心比心,心,身体部位,社会/伦理原则,同理心;换位思考;公平,社会,['社会'],0,0,0,0,0,0,0,0,0,1,0,0,0,0,0,0,0,0
匠心独运,心,身体部位,认知/创造力,创新;独特设计;匠心,认知,['认知'],0,0,0,0,0,0,0,0,0,0,0,0,0,0,1,0,0,0
降心相从,心,身体部位,社会/行为调整,让步;顺从;放弃立场,社会,['社会'],0,0,0,0,0,0,0,0,0,1,0,0,0,0,0,0,0,0
锦心绣腹,心;腹,身体部位,认知/才华,文采;才华;表达能力,认知,"['能力', '认知']",0,0,0,0,0,0,0,0,0,0,0,1,0,0,1,0,0,0
尽心竭力,心,身体部位,行为/投入程度,尽力;努力;全力以赴,行为,['行为'],0,0,0,0,0,0,0,0,0,0,0,0,1,0,0,0,0,0
惊心动魄,心,身体部位,情感/强烈情绪,震撼;惊恐;强烈感受,情感,['情感'],0,0,0,0,0,0,0,1,0,0,0,0,0,0,0,0,0,0
精心策划,心,身体部位,认知/规划,计划;设计;精细安排,认知,['认知'],0,0,0,0,0,0,0,0,0,0,0,0,0,0,1,0,0,0
居心叵测,心,身体部位,动机/道德评价,恶意;不良企图;隐藏动机,行为,['行为'],0,0,0,0,0,0,0,0,0,0,0,0,1,0,0,0,0,0
空心架子,心,身体部位,评价/本质特征,空洞;无实质;虚有其表,评价,['评价'],0,0,0,0,0,0,0,0,0,0,0,0,0,0,0,1,0,0
空心汤团,心,身体部位,评价/价值判断,空想;无收益;虚假承诺,评价,['评价'],0,0,0,0,0,0,0,0,0,0,0,0,0,0,0,1,0,0
扣人心弦,心,身体部位,情感/触发机制,感动;吸引;情绪共鸣,情感,['情感'],0,0,0,0,0,0,0,1,0,0,0,0,0,0,0,0,0,0
苦心经营,心,身体部位,行为/长期投入,努力;经营;持续付出,行为,['行为'],0,0,0,0,0,0,0,0,0,0,0,0,1,0,0,0,0,0
苦心孤诣,心,身体部位,认知/成就过程,钻研;专注;达到高水平,认知,['认知'],0,0,0,0,0,0,0,0,0,0,0,0,0,0,1,0,0,0
兰形棘心,心,身体部位,评价/表里不一,虚伪;外表美好内心恶劣,评价,['评价'],0,0,0,0,0,0,0,0,0,0,0,0,0,0,0,1,0,0
冷心冷面,心,身体部位,情感/态度,冷漠;无情;不动情,情感,['情感'],0,0,0,0,0,0,0,1,0,0,0,0,0,0,0,0,0,0
力不从心,心,身体部位,能力/限制,能力不足;力不从心;无能为力,能力,['能力'],0,0,0,0,0,0,0,0,0,0,0,1,0,0,0,0,0,0
理亏心虚,心,身体部位,认知/心理状态,心虚;缺乏信心;有错在先,认知,['认知'],0,0,0,0,0,0,0,0,0,0,0,0,0,0,1,0,0,0
离心离德,心,身体部位,社会/关系状态,分裂;不忠;不一致,社会,['社会'],0,0,0,0,0,0,0,0,0,1,0,0,0,0,0,0,0,0
利欲熏心,心,身体部位,动机/道德偏差,贪婪;利益驱动;道德沦丧,行为,['行为'],0,0,0,0,0,0,0,0,0,0,0,0,1,0,0,0,0,0
良工心苦,心,身体部位,认知/创造过程,用心;精心;创作艰辛,认知,['认知'],0,0,0,0,0,0,0,0,0,0,0,0,0,0,1,0,0,0
聊表寸心,心,身体部位,情感/表达程度,表达心意;有限表达;谦辞,情感,['情感'],0,0,0,0,0,0,0,1,0,0,0,0,0,0,0,0,0,0
笼络人心,心,身体部位,社会/操控,拉拢;获取支持;影响他人,社会,['社会'],0,0,0,0,0,0,0,0,0,1,0,0,0,0,0,0,0,0
镂心刻骨,心;骨,身体部位,认知/记忆,深刻记忆;难忘;铭记,认知,['认知'],0,0,0,0,0,0,0,0,0,0,0,0,0,0,1,0,0,0
戮力齐心,心,身体部位,社会/集体行为,合作;团结;共同努力,社会,['社会'],0,0,0,0,0,0,0,0,0,1,0,0,0,0,0,0,0,0
瞒心昧己,心,身体部位,道德/良知,违背良心;自欺;道德缺失,道德,['道德'],0,0,0,0,0,0,0,0,0,0,0,0,0,0,0,0,0,1
满怀信心,心,身体部位,心理/状态,自信;信念;积极态度,情感,['情感'],0,0,0,0,0,0,0,1,0,0,0,0,0,0,0,0,0,0
漫不经心,心,身体部位,认知/注意力,不专心;疏忽;不重视,认知,['认知'],0,0,0,0,0,0,0,0,0,0,0,0,0,0,1,0,0,0
昧己瞒心,心,身体部位,道德/良知,自欺;违背良心;掩饰真相,道德,['道德'],0,0,0,0,0,0,0,0,0,0,0,0,0,0,0,0,0,1
漠不关心,心,身体部位,情感/态度,冷漠;无关心;缺乏兴趣,情感,['情感'],0,0,0,0,0,0,0,1,0,0,0,0,0,0,0,0,0,0
木石心肠,心,身体部位,情感/性格特征,冷酷;无情;缺乏同情,情感,['情感'],0,0,0,0,0,0,0,1,0,0,0,0,0,0,0,0,0,0
木人石心,心,身体部位,情感/性格特征,冷漠;无情;缺乏同情,情感,['情感'],0,0,0,0,0,0,0,1,0,0,0,0,0,0,0,0,0,0
呕心沥血,心,身体部位,行动/努力,付出巨大努力;辛苦工作;奉献,行为,['行为'],0,0,0,0,0,0,0,0,0,0,0,0,1,0,0,0,0,0
平心而论,心,身体部位,认知/判断,客观;公正;理性判断,认知,['认知'],0,0,0,0,0,0,0,0,0,0,0,0,0,0,1,0,0,0
平心静气,心,身体部位,心理/状态,冷静;平稳;控制情绪,情感,['情感'],0,0,0,0,0,0,0,1,0,0,0,0,0,0,0,0,0,0
菩萨心肠,心,身体部位,情感/性格特征,善良;仁慈;同情心,情感,['情感'],0,0,0,0,0,0,0,1,0,0,0,0,0,0,0,0,0,0
沁人心脾,心;脾,身体部位,情感/体验,愉悦;舒适;感官享受,情感,['情感'],0,0,0,0,0,0,0,1,0,0,0,0,0,0,0,0,0,0
清心寡欲,心,身体部位,心理/状态,克制欲望;淡泊;清净,情感,['情感'],0,0,0,0,0,0,0,1,0,0,0,0,0,0,0,0,0,0
全无心肝,心;肝,身体部位,道德/品格,残忍;无情;缺乏良知,道德,['道德'],0,0,0,0,0,0,0,0,0,0,0,0,0,0,0,0,0,1
全心全意,心,身体部位,行动/态度,全力以赴;专心;投入,行为,['行为'],0,0,0,0,0,0,0,0,0,0,0,0,1,0,0,0,0,0
人老心红,心,身体部位,性格/态度,热情;忠诚;积极,情感,['情感'],0,0,0,0,0,0,0,1,0,0,0,0,0,0,0,0,0,0
人心不古,心,身体部位,社会/道德评价,道德衰退;世风下降,社会,['社会'],0,0,0,0,0,0,0,0,0,1,0,0,0,0,0,0,0,0
人心惶惶,心,身体部位,情感/状态,恐慌;焦虑;不安,情感,['情感'],0,0,0,0,0,0,0,1,0,0,0,0,0,0,0,0,0,0
人心所向,心,身体部位,社会/集体意志,公众意愿;支持;倾向,社会,['社会'],0,0,0,0,0,0,0,0,0,1,0,0,0,0,0,0,0,0
人心向背,心,身体部位,社会/态度,支持与反对;民意分化,社会,['社会'],0,0,0,0,0,0,0,0,0,1,0,0,0,0,0,0,0,0
柔心弱骨,心;骨,身体部位,性格特征,温和;柔弱;性格软弱,情感,['情感'],0,0,0,0,0,0,0,1,0,0,0,0,0,0,0,0,0,0
三心二意,心,身体部位,认知/决策状态,犹豫;不专一;动摇,认知,['认知'],0,0,0,0,0,0,0,0,0,0,0,0,0,0,1,0,0,0
丧心病狂,心,身体部位,道德/心理异常,极端残忍;疯狂;失去理性,道德,['道德'],0,0,0,0,0,0,0,0,0,0,0,0,0,0,0,0,0,1
煞费苦心,心,身体部位,行动/努力,费尽心思;努力;策划,行为,['行为'],0,0,0,0,0,0,0,0,0,0,0,0,1,0,0,0,0,0
伤心惨目,心;目,身体部位,情感/体验,悲痛;惨烈;令人难受,情感,['情感'],0,0,0,0,0,0,0,1,0,0,0,0,0,0,0,0,0,0
赏心悦目,心;目,身体部位,情感/体验,愉悦;美感;视觉享受,情感,['情感'],0,0,0,0,0,0,0,1,0,0,0,0,0,0,0,0,0,0
深入人心,心,身体部位,认知/影响,影响深刻;被接受;传播,认知,['认知'],0,0,0,0,0,0,0,0,0,0,0,0,0,0,1,0,0,0
师心自用,心,身体部位,认知/态度,自负;主观;固执,认知,['认知'],0,0,0,0,0,0,0,0,0,0,0,0,0,0,1,0,0,0
实心实意,心,身体部位,情感/态度,真诚;诚恳;真实,情感,['情感'],0,0,0,0,0,0,0,1,0,0,0,0,0,0,0,0,0,0
世道人心,心,身体部位,社会/道德,社会风气;人心状态,社会,['社会'],0,0,0,0,0,0,0,0,0,1,0,0,0,0,0,0,0,0
事与心违,心,身体部位,认知/期望,愿望落空;不符合预期,认知,['认知'],0,0,0,0,0,0,0,0,0,0,0,0,0,0,1,0,0,0
私心杂念,心,身体部位,道德/心理,自私;杂念;动机不纯,道德,['道德'],0,0,0,0,0,0,0,0,0,0,0,0,0,0,0,0,0,1
死心塌地,心,身体部位,态度/行为,坚定;执着;忠诚,态度,['态度'],0,0,0,0,0,1,0,0,0,0,0,0,0,0,0,0,0,0
贪心不足,心,身体部位,道德/心理,贪婪;欲望无止境,道德,['道德'],0,0,0,0,0,0,0,0,0,0,0,0,0,0,0,0,0,1
提心吊胆,心;胆,身体部位,情感/状态,恐惧;焦虑;紧张,情感,"['恐惧', '情感']",0,0,0,0,0,0,1,1,0,0,0,0,0,0,0,0,0,0
天地良心,心,身体部位,道德/判断,良知;诚实;正直,道德,['道德'],0,0,0,0,0,0,0,0,0,0,0,0,0,0,0,0,0,1
天理良心,心,身体部位,道德/判断,良知;正义;道德规范,道德,['道德'],0,0,0,0,0,0,0,0,0,0,0,0,0,0,0,0,0,1
铁石心肠,心;肠,身体部位,情感/性格特征,冷酷;无情;残忍,情感,['情感'],0,0,0,0,0,0,0,1,0,0,0,0,0,0,0,0,0,0
童心未泯,心,身体部位,性格/心理,天真;纯真;童趣,情感,['情感'],0,0,0,0,0,0,0,1,0,0,0,0,0,0,0,0,0,0
同心同德,心,身体部位,社会/关系,团结;一致;合作,社会,['社会'],0,0,0,0,0,0,0,0,0,1,0,0,0,0,0,0,0,0
痛心疾首,心;首,身体部位,情感/状态,痛苦;悔恨;悲伤,情感,['情感'],0,0,0,0,0,0,0,1,0,0,0,0,0,0,0,0,0,0
痛下决心,心,身体部位,认知/决策,坚定决定;决心;果断,认知,['认知'],0,0,0,0,0,0,0,0,0,0,0,0,0,0,1,0,0,0
推心置腹,心;腹,身体部位,社会/交往,坦诚;信任;真诚交流,社会,['社会'],0,0,0,0,0,0,0,0,0,1,0,0,0,0,0,0,0,0
挖空心思,心,身体部位,认知/努力,费尽心思;思考;策划,认知,['认知'],0,0,0,0,0,0,0,0,0,0,0,0,0,0,1,0,0,0
万箭穿心,心,身体部位,情感/体验,极度痛苦;悲伤;打击,情感,['情感'],0,0,0,0,0,0,0,1,0,0,0,0,0,0,0,0,0,0
万众一心,心,身体部位,社会/集体意志,团结;一致;共同目标,社会,['社会'],0,0,0,0,0,0,0,0,0,1,0,0,0,0,0,0,0,0
枉费心机,心,身体部位,行动/结果,徒劳;无效努力;失败,行为,['行为'],0,0,0,0,0,0,0,0,0,0,0,0,1,0,0,0,0,0
违心之论,心,身体部位,认知/态度,违背内心;不真实;勉强,认知,['认知'],0,0,0,0,0,0,0,0,0,0,0,0,0,0,1,0,0,0
问心无愧,心,身体部位,道德/心理,无愧;坦然;良心安定,道德,['道德'],0,0,0,0,0,0,0,0,0,0,0,0,0,0,0,0,0,1
无所用心,心,身体部位,心理/态度,漫不经心;冷漠;不投入,情感,['情感'],0,0,0,0,0,0,0,1,0,0,0,0,0,0,0,0,0,0
洗心革面,心,身体部位,行为/转变,改过自新;转变;重新做人,行为,['行为'],0,0,0,0,0,0,0,0,0,0,0,0,1,0,0,0,0,0
小心谨慎,心,身体部位,行为/态度,谨慎;小心;警惕,行为,['行为'],0,0,0,0,0,0,0,0,0,0,0,0,1,0,0,0,0,0
蜂拥而上,蜂,动物,行为/群体行为,迅速;聚集;大量行动,行为,['行为'],0,0,0,0,0,0,0,0,0,0,0,0,1,0,0,0,0,0
招蜂引蝶,蜂;蝶,动物,行为/人际行为,吸引异性;调情;轻佻,行为,['行为'],0,0,0,0,0,0,0,0,0,0,0,0,1,0,0,0,0,0
飞鹰走狗,鹰;狗,动物,行为/娱乐活动,狩猎;享乐;消遣,行为,['行为'],0,0,0,0,0,0,0,0,0,0,0,0,1,0,0,0,0,0
饥鹰饿虎,鹰;虎,动物,品格/性格,残忍;贪婪;凶狠,品格,['道德'],0,0,0,0,0,0,0,0,0,0,0,0,0,0,0,0,0,1
鹰鼻鹞眼,鹰;鹞,动物,外貌/性格评价,凶狠;狡诈;阴险,外貌,['外貌'],0,0,0,0,1,0,0,0,0,0,0,0,0,0,0,0,0,0
鹰瞵鹗视,鹰;鹗,动物,行为/状态,凶狠;警觉;威慑,行为,['行为'],0,0,0,0,0,0,0,0,0,0,0,0,1,0,0,0,0,0
鹰瞵虎视,鹰;虎,动物,行为/状态,威胁;凶狠;觊觎,行为,['行为'],0,0,0,0,0,0,0,0,0,0,0,0,1,0,0,0,0,0
鹰拿燕雀,鹰;燕;雀,动物,能力/结果,轻松;容易;压倒性优势,能力,['能力'],0,0,0,0,0,0,0,0,0,0,0,1,0,0,0,0,0,0
鹰犬塞途,鹰;犬,动物,社会/权力结构,压迫;控制;权势,社会,['社会'],0,0,0,0,0,0,0,0,0,1,0,0,0,0,0,0,0,0
鹰视虎步,鹰;虎,动物,品格/行为,野心;阴险;威慑,品格,['道德'],0,0,0,0,0,0,0,0,0,0,0,0,0,0,0,0,0,1
鹰扬虎视,鹰;虎,动物,外貌/气质评价,威严;雄壮;气势,外貌,"['品格', '外貌']",0,0,0,1,1,0,0,0,0,0,0,0,0,0,0,0,0,0
博士买驴,驴,动物,言语/表达,冗长;空洞;无效表达,言语,['言语'],0,0,0,0,0,0,0,0,0,0,0,0,0,1,0,0,0,0
非驴非马,驴;马,动物,认知/分类,模糊;不明确;不成体系,认知,['认知'],0,0,0,0,0,0,0,0,0,0,0,0,0,0,1,0,0,0
驴鸣狗吠,驴;狗,动物,言语/表达,粗俗;低劣;无价值,言语,['言语'],0,0,0,0,0,0,0,0,0,0,0,0,0,1,0,0,0,0
驴年马月,驴;马,动物,时间/概念,遥远;不可能;虚无,认知,['认知'],0,0,0,0,0,0,0,0,0,0,0,0,0,0,1,0,0,0
骑驴倒堕,驴,动物,状态/情境,意外;失误;反常,状态,['状态'],0,0,0,0,0,0,0,0,1,0,0,0,0,0,0,0,0,0
骑驴找马,驴;马,动物,行为/选择策略,不满足;寻找更好;比较,行为,['行为'],0,0,0,0,0,0,0,0,0,0,0,0,1,0,0,0,0,0
黔驴技穷,驴,动物,能力/状态,无能;穷尽;无计可施,能力,['能力'],0,0,0,0,0,0,0,0,0,0,0,1,0,0,0,0,0,0
卸磨杀驴,驴,动物,社会/行为评价,忘恩负义;利用后抛弃,社会,['社会'],0,0,0,0,0,0,0,0,0,1,0,0,0,0,0,0,0,0
蛛丝马迹,蛛;马,动物,认知/推理,线索;痕迹;推断依据,认知,['认知'],0,0,0,0,0,0,0,0,0,0,0,0,0,0,1,0,0,0
蛛网尘封,蛛,动物,状态/环境,荒废;久未使用;冷落,状态,['状态'],0,0,0,0,0,0,0,0,1,0,0,0,0,0,0,0,0,0
鲸吞虎噬,鲸;虎,动物,行为/社会行为,贪婪;掠夺;压迫,行为,['行为'],0,0,0,0,0,0,0,0,0,0,0,0,1,0,0,0,0,0
鹡鸰在原,鹡鸰,动物,社会/关系情感,兄弟情;互助;亲情,社会,['社会'],0,0,0,0,0,0,0,0,0,1,0,0,0,0,0,0,0,0
蚌鹬争衡,蚌;鹬,动物,社会/互动关系,冲突;两败俱伤;第三方获利,社会,['社会'],0,0,0,0,0,0,0,0,0,1,0,0,0,0,0,0,0,0
百兽率舞,兽,动物,社会/政治评价,太平;和谐;德治,社会,['社会'],0,0,0,0,0,0,0,0,0,1,0,0,0,0,0,0,0,0
飞禽走兽,禽;兽,动物,分类/概念,动物总体;自然类别,分类,['分类'],0,0,1,0,0,0,0,0,0,0,0,0,0,0,0,0,0,0
困兽犹斗,兽,动物,行为/状态,绝境反抗;顽强;拼搏,行为,['行为'],0,0,0,0,0,0,0,0,0,0,0,0,1,0,0,0,0,0
鸟声兽心,鸟;兽,动物,道德/品格,虚伪;残忍;表里不一,道德,['道德'],0,0,0,0,0,0,0,0,0,0,0,0,0,0,0,0,0,1
禽奔兽遁,禽;兽,动物,行为/群体状态,逃散;混乱;慌乱,行为,['行为'],0,0,0,0,0,0,0,0,0,0,0,0,1,0,0,0,0,0
禽困覆车,禽,动物,行为/状态,绝望反抗;极端行为,行为,['行为'],0,0,0,0,0,0,0,0,0,0,0,0,1,0,0,0,0,0
禽兽不如,禽;兽,动物,道德/评价,卑劣;残忍;不道德,道德,['道德'],0,0,0,0,0,0,0,0,0,0,0,0,0,0,0,0,0,1
人面兽心,兽,动物,道德/品格,残忍;虚伪;伪善,道德,['道德'],0,0,0,0,0,0,0,0,0,0,0,0,0,0,0,0,0,1
人头畜鸣,畜,动物,认知/能力评价,愚蠢;无知;低劣,认知,['认知'],0,0,0,0,0,0,0,0,0,0,0,0,0,0,1,0,0,0
兽聚鸟散,兽;鸟,动物,社会/群体行为,聚散无常;不稳定,社会,['社会'],0,0,0,0,0,0,0,0,0,1,0,0,0,0,0,0,0,0
率兽食人,兽,动物,社会/权力行为,压迫;暴政;剥削,社会,['社会'],0,0,0,0,0,0,0,0,0,1,0,0,0,0,0,0,0,0
衣冠禽兽,禽;兽,动物,道德/品格,伪善;卑鄙;虚伪,道德,['道德'],0,0,0,0,0,0,0,0,0,0,0,0,0,0,0,0,0,1
珍禽奇兽,禽;兽,动物,分类/概念,稀有;珍贵;自然类别,分类,['分类'],0,0,1,0,0,0,0,0,0,0,0,0,0,0,0,0,0,0
版筑饭牛,牛,动物,社会/身份评价,出身低微;成功;逆袭,社会,['社会'],0,0,0,0,0,0,0,0,0,1,0,0,0,0,0,0,0,0
吹牛拍马,牛;马,动物,言语/表达,夸大;奉承;虚伪,言语,['言语'],0,0,0,0,0,0,0,0,0,0,0,0,0,1,0,0,0,0
椎牛飨士,牛,动物,社会/行为,奖励;慷慨;激励,社会,['社会'],0,0,0,0,0,0,0,0,0,1,0,0,0,0,0,0,0,0
带牛佩犊,牛,动物,社会/生活转变,归隐;转业;和平生活,社会,['社会'],0,0,0,0,0,0,0,0,0,1,0,0,0,0,0,0,0,0
对牛弹琴,牛,动物,言语/表达,无效沟通;对象不理解;徒劳,言语,['言语'],0,0,0,0,0,0,0,0,0,0,0,0,0,1,0,0,0,0
多如牛毛,牛,动物,数量/程度,大量;极多,认知,['认知'],0,0,0,0,0,0,0,0,0,0,0,0,0,0,1,0,0,0
放牛归马,牛;马,动物,社会/状态,和平;结束冲突,社会,['社会'],0,0,0,0,0,0,0,0,0,1,0,0,0,0,0,0,0,0
汗牛充栋,牛,动物,数量/状态,丰富;积累;知识量大,认知,"['积累', '认知']",0,0,0,0,0,0,0,0,0,0,1,0,0,0,1,0,0,0
九牛一毛,牛,动物,数量/程度,微小;可忽略;比例极小,认知,['认知'],0,0,0,0,0,0,0,0,0,0,0,0,0,0,1,0,0,0
老牛破车,牛,动物,状态/能力,缓慢;低效;落后,状态,['状态'],0,0,0,0,0,0,0,0,1,0,0,0,0,0,0,0,0,0
牛黄狗宝,牛;狗,动物,道德/品格,虚伪;伪善;负面评价,道德,['道德'],0,0,0,0,0,0,0,0,0,0,0,0,0,0,0,0,0,1
老牛舐犊,牛,动物,情感/关系,亲情;关爱;父母之爱,情感,['情感'],0,0,0,0,0,0,0,1,0,0,0,0,0,0,0,0,0,0
卖剑买牛,牛,动物,行为/人生转变,弃武从文;改过;回归平静,行为,['行为'],0,0,0,0,0,0,0,0,0,0,0,0,1,0,0,0,0,0
目无全牛,牛,动物,能力/技能掌握,熟练;精通;经验丰富,能力,['能力'],0,0,0,0,0,0,0,0,0,0,0,1,0,0,0,0,0,0
泥牛入海,牛,动物,状态/结果,消失;无回音;无结果,状态,['状态'],0,0,0,0,0,0,0,0,1,0,0,0,0,0,0,0,0,0
牛刀割鸡,牛;鸡,动物,行为/资源使用,浪费;不匹配;大材小用,行为,['行为'],0,0,0,0,0,0,0,0,0,0,0,0,1,0,0,0,0,0
牛刀小试,牛,动物,能力/表现,初试;展示才能;潜力,能力,['能力'],0,0,0,0,0,0,0,0,0,0,0,1,0,0,0,0,0,0
牛鼎烹鸡,牛;鸡,动物,行为/资源使用,浪费;大材小用;不匹配,行为,['行为'],0,0,0,0,0,0,0,0,0,0,0,0,1,0,0,0,0,0
牛鬼蛇神,牛;蛇,动物,社会/道德评价,邪恶;负面人物;混乱,社会,['社会'],0,0,0,0,0,0,0,0,0,1,0,0,0,0,0,0,0,0
牛骥共牢,牛;骥,动物,社会/关系状态,混杂;不分优劣;不公平,社会,['社会'],0,0,0,0,0,0,0,0,0,1,0,0,0,0,0,0,0,0
牛马生活,牛;马,动物,生活状态,劳累;压迫;辛苦,状态,['状态'],0,0,0,0,0,0,0,0,1,0,0,0,0,0,0,0,0,0
牛毛细雨,牛,动物,自然/现象,细小;持续;微弱,认知,['认知'],0,0,0,0,0,0,0,0,0,0,0,0,0,0,1,0,0,0
牛溲马勃,牛;马,动物,价值/评价,廉价;低价值;实用性,评价,['评价'],0,0,0,0,0,0,0,0,0,0,0,0,0,0,0,1,0,0
牛首马面,牛;马,动物,外貌/道德评价,丑陋;可怕;负面形象,外貌,['外貌'],0,0,0,0,1,0,0,0,0,0,0,0,0,0,0,0,0,0
牛衣对泣,牛,动物,社会/生活状态,贫困;困苦;艰难,社会,['社会'],0,0,0,0,0,0,0,0,0,1,0,0,0,0,0,0,0,0
气喘如牛,牛,动物,身体/状态,疲惫;剧烈呼吸,身体,['身体'],0,0,0,0,0,0,0,0,0,0,0,0,0,0,0,0,1,0
气壮如牛,牛,动物,能力/状态,强壮;有力;精力充沛,能力,['能力'],0,0,0,0,0,0,0,0,0,0,0,1,0,0,0,0,0,0
如牛负重,牛,动物,状态/负担,压力大;沉重;责任,状态,['状态'],0,0,0,0,0,0,0,0,1,0,0,0,0,0,0,0,0,0
土牛土马,牛;马,动物,价值/评价,无用;低价值;虚假,评价,['评价'],0,0,0,0,0,0,0,0,0,0,0,0,0,0,0,1,0,0
钻牛角尖,牛,动物,认知/思维方式,钻研过度;偏执;死板,认知,['认知'],0,0,0,0,0,0,0,0,0,0,0,0,0,0,1,0,0,0
棒打鸳鸯,鸳鸯,动物,社会/关系行为,拆散;干预;破坏关系,社会,['社会'],0,0,0,0,0,0,0,0,0,1,0,0,0,0,0,0,0,0
凫趋雀跃,凫;雀,动物,情绪/状态,喜悦;兴奋;活跃,情感,['情感'],0,0,0,0,0,0,0,1,0,0,0,0,0,0,0,0,0,0
乱点鸳鸯,鸳鸯,动物,社会/关系行为,强制婚姻;干预;不匹配,社会,['社会'],0,0,0,0,0,0,0,0,0,1,0,0,0,0,0,0,0,0
趋之若鹜,鹜,动物,行为/群体行为,盲从;追逐;大量聚集,行为,['行为'],0,0,0,0,0,0,0,0,0,0,0,0,1,0,0,0,0,0
鸳梦重温,鸳鸯,动物,情感/关系,爱情;回忆;复燃,情感,['情感'],0,0,0,0,0,0,0,1,0,0,0,0,0,0,0,0,0,0
即鹿无虞,鹿,动物,行为/决策,准备不足;冒险;缺乏条件,行为,['行为'],0,0,0,0,0,0,0,0,0,0,0,0,1,0,0,0,0,0
鹿死谁手,鹿,动物,结果/竞争,胜负;不确定;竞争结果,状态,['状态'],0,0,0,0,0,0,0,0,1,0,0,0,0,0,0,0,0,0
群雄逐鹿,鹿,动物,社会/权力竞争,争夺;权力;竞争,社会,['社会'],0,0,0,0,0,0,0,0,0,1,0,0,0,0,0,0,0,0
指鹿为马,鹿;马,动物,社会/权力行为,颠倒黑白;操控;专制,社会,['社会'],0,0,0,0,0,0,0,0,0,1,0,0,0,0,0,0,0,0
中原逐鹿,鹿,动物,社会/权力竞争,争夺;统治;竞争,社会,['社会'],0,0,0,0,0,0,0,0,0,1,0,0,0,0,0,0,0,0
铜驼荆棘,驼,动物,社会/历史状态,荒废;衰败;战乱后果,社会,['社会'],0,0,0,0,0,0,0,0,0,1,0,0,0,0,0,0,0,0
猫哭老鼠,猫;鼠,动物,道德/品格,虚伪;假同情;伪善,道德,['道德'],0,0,0,0,0,0,0,0,0,0,0,0,0,0,0,0,0,1
猫鼠同眠,猫;鼠,动物,社会/权力关系,勾结;腐败;纵容,社会,['社会'],0,0,0,0,0,0,0,0,0,1,0,0,0,0,0,0,0,0
照猫画虎,猫;虎,动物,认知/学习方式,模仿;机械;缺乏创造,认知,['认知'],0,0,0,0,0,0,0,0,0,0,0,0,0,0,1,0,0,0
鸮心鹂舌,鸮;鹂,动物,道德/品格,虚伪;表里不一;欺骗,道德,['道德'],0,0,0,0,0,0,0,0,0,0,0,0,0,0,0,0,0,1
獐头鼠目,獐;鼠,动物,外貌/道德评价,丑陋;猥琐;低劣,外貌,['外貌'],0,0,0,0,1,0,0,0,0,0,0,0,0,0,0,0,0,0
鞍前马后,马,动物,社会/角色关系,服从;跟随;服务,社会,['社会'],0,0,0,0,0,0,0,0,0,1,0,0,0,0,0,0,0,0
按图索骥,骥,动物,认知/方法,依赖信息;机械查找;缺乏灵活性,认知,['认知'],0,0,0,0,0,0,0,0,0,0,0,0,0,0,1,0,0,0
白驹过隙,驹,动物,时间/概念,短暂;流逝;迅速,认知,['认知'],0,0,0,0,0,0,0,0,0,0,0,0,0,0,1,0,0,0
白马素车,马,动物,社会/仪式,丧葬;哀悼;仪式,社会,['社会'],0,0,0,0,0,0,0,0,0,1,0,0,0,0,0,0,0,0
白马王子,马,动物,社会/人物形象,理想对象;浪漫;吸引力,社会,['社会'],0,0,0,0,0,0,0,0,0,1,0,0,0,0,0,0,0,0
兵荒马乱,马,动物,社会/状态,混乱;战争;动荡,社会,['社会'],0,0,0,0,0,0,0,0,0,1,0,0,0,0,0,0,0,0
兵强马壮,马,动物,能力/实力,强大;战斗力;资源充足,能力,['能力'],0,0,0,0,0,0,0,0,0,0,0,1,0,0,0,0,0,0
伯乐相马,马,动物,能力/识别,识才;发现人才;判断能力,能力,['能力'],0,0,0,0,0,0,0,0,0,0,0,1,0,0,0,0,0,0
车殆马烦,马,动物,状态/身体状态,疲劳;消耗;劳累,状态,['状态'],0,0,0,0,0,0,0,0,1,0,0,0,0,0,0,0,0,0
车水马龙,马,动物,社会/群体状态,繁忙;密集;流动,社会,['社会'],0,0,0,0,0,0,0,0,0,1,0,0,0,0,0,0,0,0
单枪匹马,马,动物,行为/行动方式,独立;单独;无助,行为,['行为'],0,0,0,0,0,0,0,0,0,0,0,0,1,0,0,0,0,0
肥马轻裘,马,动物,社会/生活状态,富裕;奢华;享受,社会,['社会'],0,0,0,0,0,0,0,0,0,1,0,0,0,0,0,0,0,0
附骥名彰,骥,动物,社会/关系策略,依附;借势;获取名声,社会,['社会'],0,0,0,0,0,0,0,0,0,1,0,0,0,0,0,0,0,0
高头大马,马,动物,外貌/身体特征,高大;强壮;体格,外貌,['外貌'],0,0,0,0,1,0,0,0,0,0,0,0,0,0,0,0,0,0
害群之马,马,动物,社会/群体评价,破坏者;负面个体;影响群体,社会,['社会'],0,0,0,0,0,0,0,0,0,1,0,0,0,0,0,0,0,0
汗马功劳,马,动物,行为/成就,贡献;功劳;努力成果,行为,['行为'],0,0,0,0,0,0,0,0,0,0,0,0,1,0,0,0,0,0
金戈铁马,马,动物,社会/战争概念,战争;军事;历史象征,社会,['社会'],0,0,0,0,0,0,0,0,0,1,0,0,0,0,0,0,0,0
驹齿未落,驹,动物,身份/年龄评价,年轻;缺乏经验,社会,['社会'],0,0,0,0,0,0,0,0,0,1,0,0,0,0,0,0,0,0
渴骥奔泉,骥,动物,状态/需求,渴望;迫切需求,状态,['状态'],0,0,0,0,0,0,0,0,1,0,0,0,0,0,0,0,0,0
快马加鞭,马,动物,行为/行动方式,加速;努力;提高效率,行为,['行为'],0,0,0,0,0,0,0,0,0,0,0,0,1,0,0,0,0,0
老骥伏枥,骥,动物,情感/志向,抱负;坚持;老而不衰,情感,['情感'],0,0,0,0,0,0,0,1,0,0,0,0,0,0,0,0,0,0
老马恋栈,马,动物,情感/心理状态,依恋;怀旧;不愿离开,情感,['情感'],0,0,0,0,0,0,0,1,0,0,0,0,0,0,0,0,0,0
老马识途,马,动物,能力/经验,经验丰富;熟悉情况,能力,['能力'],0,0,0,0,0,0,0,0,0,0,0,1,0,0,0,0,0,0
马不停蹄,马,动物,行为/行动方式,持续;不间断;勤奋,行为,['行为'],0,0,0,0,0,0,0,0,0,0,0,0,1,0,0,0,0,0
马齿徒增,马,动物,人生/状态评价,虚度;无成就;年龄增长,人生,['人生'],1,0,0,0,0,0,0,0,0,0,0,0,0,0,0,0,0,0
马到成功,马,动物,结果/成就,迅速成功;顺利;效率高,状态,['状态'],0,0,0,0,0,0,0,0,1,0,0,0,0,0,0,0,0,0
马革裹尸,马,动物,社会/行为价值,牺牲;忠诚;战争死亡,社会,['社会'],0,0,0,0,0,0,0,0,0,1,0,0,0,0,0,0,0,0
马角乌白,马,动物,时间/可能性,不可能;荒谬;虚幻,认知,['认知'],0,0,0,0,0,0,0,0,0,0,0,0,0,0,1,0,0,0
马空冀北,马,动物,社会/资源分配,人才集中;资源被占用,社会,['社会'],0,0,0,0,0,0,0,0,0,1,0,0,0,0,0,0,0,0
马牛其风,马;牛,动物,认知/评价,杂乱;不一致;无关联,认知,['认知'],0,0,0,0,0,0,0,0,0,0,0,0,0,0,1,0,0,0
马牛襟裾,马;牛,动物,道德/品格,无礼;粗俗;不守规范,道德,['道德'],0,0,0,0,0,0,0,0,0,0,0,0,0,0,0,0,0,1
马失前蹄,马,动物,结果/错误,失误;偶然错误;失败,状态,['状态'],0,0,0,0,0,0,0,0,1,0,0,0,0,0,0,0,0,0
马首是瞻,马,动物,社会/权力关系,服从;跟随;依附,社会,['社会'],0,0,0,0,0,0,0,0,0,1,0,0,0,0,0,0,0,0
马仰人翻,马,动物,结果/状态,混乱;失败;崩溃,状态,['状态'],0,0,0,0,0,0,0,0,1,0,0,0,0,0,0,0,0,0
盲人瞎马,马,动物,风险/状态,危险;无知;盲目,状态,['状态'],0,0,0,0,0,0,0,0,1,0,0,0,0,0,0,0,0,0
盘马弯弓,马,动物,行为/策略,准备;威胁;展示力量,行为,['行为'],0,0,0,0,0,0,0,0,0,0,0,0,1,0,0,0,0,0
求马买骨,马;骨,动物/身体部位,行为/策略,象征性投入;吸引人才;间接手段,行为,['行为'],0,0,0,0,0,0,0,0,0,0,0,0,1,0,0,0,0,0
人喊马嘶,马,动物,社会/群体状态,喧闹;混乱;嘈杂,社会,['社会'],0,0,0,0,0,0,0,0,0,1,0,0,0,0,0,0,0,0
人欢马叫,马,动物,情绪/群体状态,喜悦;热闹;庆祝,情感,['情感'],0,0,0,0,0,0,0,1,0,0,0,0,0,0,0,0,0,0
人困马乏,马,动物,状态/身体状态,疲劳;精力耗尽;劳累,状态,['状态'],0,0,0,0,0,0,0,0,1,0,0,0,0,0,0,0,0,0
人中骐骥,骐骥,动物,能力/评价,杰出;优秀;稀有人才,能力,['能力'],0,0,0,0,0,0,0,0,0,0,0,1,0,0,0,0,0,0
戎马倥偬,马,动物,社会/职业状态,军旅生活;忙碌;战争经历,社会,['社会'],0,0,0,0,0,0,0,0,0,1,0,0,0,0,0,0,0,0
塞翁失马,马,动物,认知/哲理,祸福转化;不确定性;辩证思维,认知,['认知'],0,0,0,0,0,0,0,0,0,0,0,0,0,0,1,0,0,0
驷马高车,马,动物,社会/地位评价,显赫;地位高;排场大,社会,['社会'],0,0,0,0,0,0,0,0,0,1,0,0,0,0,0,0,0,0
驷马难追,马,动物,言语/表达,不可收回;承诺;责任,言语,['言语'],0,0,0,0,0,0,0,0,0,0,0,0,0,1,0,0,0,0
束兵秣马,马,动物,行为/准备,备战;准备;行动前状态,行为,['行为'],0,0,0,0,0,0,0,0,0,0,0,0,1,0,0,0,0,0
天马行空,马,动物,认知/思维方式,自由;想象力;不受限制,认知,['认知'],0,0,0,0,0,0,0,0,0,0,0,0,0,0,1,0,0,0
童牛角马,牛;马,动物,认知/分类,矛盾;不合理;荒谬,认知,['认知'],0,0,0,0,0,0,0,0,0,0,0,0,0,0,1,0,0,0
脱缰之马,马,动物,行为/状态,失控;无法约束;放纵,行为,['行为'],0,0,0,0,0,0,0,0,0,0,0,0,1,0,0,0,0,0
万马奔腾,马,动物,状态/动态表现,气势;发展迅速;规模宏大,状态,['状态'],0,0,0,0,0,0,0,0,1,0,0,0,0,0,0,0,0,0
万马齐喑,马,动物,社会/状态,压抑;沉默;缺乏表达,社会,"['社会', '言语']",0,0,0,0,0,0,0,0,0,1,0,0,0,1,0,0,0,0
下马看花,马,动物,认知/方法,深入调查;仔细观察;分析,认知,['认知'],0,0,0,0,0,0,0,0,0,0,0,0,0,0,1,0,0,0
鲜车怒马,车;马,动物,社会/生活状态,奢华;富裕;排场,社会,['社会'],0,0,0,0,0,0,0,0,0,1,0,0,0,0,0,0,0,0
悬崖勒马,马,动物,行为/决策,及时停止;避免危险;自我控制,行为,['行为'],0,0,0,0,0,0,0,0,0,0,0,0,1,0,0,0,0,0
野马无缰,马,动物,行为/状态,失控;放纵;无约束,行为,['行为'],0,0,0,0,0,0,0,0,0,0,0,0,1,0,0,0,0,0
一马当先,马,动物,行为/行动方式,领先;带头;主动,行为,['行为'],0,0,0,0,0,0,0,0,0,0,0,0,1,0,0,0,0,0
一马平川,马,动物,空间/地理概念,平坦;开阔;无障碍,认知,['认知'],0,0,0,0,0,0,0,0,0,0,0,0,0,0,1,0,0,0
仗马寒蝉,马;蝉,动物,行为/状态,沉默;不发声;畏惧,行为,"['行为', '言语']",0,0,0,0,0,0,0,0,0,0,0,0,1,1,0,0,0,0
走马上任,马,动物,社会/职业行为,就职;上任;履职,社会,['社会'],0,0,0,0,0,0,0,0,0,1,0,0,0,0,0,0,0,0
白云苍狗,狗,动物,时间/变化,变化无常;不稳定;短暂,认知,['认知'],0,0,0,0,0,0,0,0,0,0,0,0,0,0,1,0,0,0
打落水狗,狗,动物,行为/社会行为,追击;压制;落井下石,行为,['行为'],0,0,0,0,0,0,0,0,0,0,0,0,1,0,0,0,0,0
吠影吠声,狗,动物,认知/行为,盲从;缺乏判断;附和,认知,['认知'],0,0,0,0,0,0,0,0,0,0,0,0,0,0,1,0,0,0
狗盗鸡鸣,狗;鸡,动物,道德/行为评价,卑鄙;偷窃;暗中行动,道德,['道德'],0,0,0,0,0,0,0,0,0,0,0,0,0,0,0,0,0,1
狗胆包天,狗,动物,行为/性格,大胆;鲁莽;无所顾忌,行为,['行为'],0,0,0,0,0,0,0,0,0,0,0,0,1,0,0,0,0,0
狗恶酒酸,狗,动物,社会/环境影响,威慑;负面影响;环境恶劣,社会,['社会'],0,0,0,0,0,0,0,0,0,1,0,0,0,0,0,0,0,0
狗吠非主,狗,动物,社会/关系行为,忠诚;立场;维护所属,社会,['社会'],0,0,0,0,0,0,0,0,0,1,0,0,0,0,0,0,0,0
狗急跳墙,狗,动物,行为/状态,绝境反抗;极端行为;绝望,行为,['行为'],0,0,0,0,0,0,0,0,0,0,0,0,1,0,0,0,0,0
狗拿耗子,狗;鼠,动物,行为/社会行为,越权;多管闲事;干涉,行为,['行为'],0,0,0,0,0,0,0,0,0,0,0,0,1,0,0,0,0,0
狗屁不通,狗,动物,评价/认知,无意义;荒谬;低质量,评价,['评价'],0,0,0,0,0,0,0,0,0,0,0,0,0,0,0,1,0,0
狗皮膏药,狗,动物,评价/社会行为,欺骗;虚假;无效,评价,['评价'],0,0,0,0,0,0,0,0,0,0,0,0,0,0,0,1,0,0
狗头军师,狗,动物,能力/评价,无能;错误建议;低水平,能力,['能力'],0,0,0,0,0,0,0,0,0,0,0,1,0,0,0,0,0,0
狗尾续貂,狗,动物,评价/作品结构,多余;质量下降;不协调,评价,['评价'],0,0,0,0,0,0,0,0,0,0,0,0,0,0,0,1,0,0
狗血喷头,狗,动物,言语/行为,辱骂;攻击;强烈批评,言语,['言语'],0,0,0,0,0,0,0,0,0,0,0,0,0,1,0,0,0,0
狗仗人势,狗,动物,社会/权力行为,依附;欺压;仗势欺人,社会,['社会'],0,0,0,0,0,0,0,0,0,1,0,0,0,0,0,0,0,0
狗彘不如,狗;彘,动物,道德/评价,卑劣;低下;不道德,道德,['道德'],0,0,0,0,0,0,0,0,0,0,0,0,0,0,0,0,0,1
关门打狗,狗,动物,行为/策略,围堵;消灭;不给退路,行为,['行为'],0,0,0,0,0,0,0,0,0,0,0,0,1,0,0,0,0,0
狂犬吠日,犬,动物,评价/认知,狂妄;无知;不自量力,评价,['评价'],0,0,0,0,0,0,0,0,0,0,0,0,0,0,0,1,0,0
犬马齿索,犬;马,动物,人生/状态,衰老;年老;体力下降,人生,['人生'],1,0,0,0,0,0,0,0,0,0,0,0,0,0,0,0,0,0
犬马之齿,犬;马,动物,人生/状态,年龄;衰老;自谦表达,人生,['人生'],1,0,0,0,0,0,0,0,0,0,0,0,0,0,0,0,0,0
犬马之劳,犬;马,动物,社会/关系行为,服务;忠诚;自谦,社会,['社会'],0,0,0,0,0,0,0,0,0,1,0,0,0,0,0,0,0,0
犬马之年,犬;马,动物,人生/身份表达,年龄;自谦;礼貌表达,人生,['人生'],1,0,0,0,0,0,0,0,0,0,0,0,0,0,0,0,0,0
犬马之心,犬;马,动物,情感/品格,忠诚;奉献;真诚,情感,['情感'],0,0,0,0,0,0,0,1,0,0,0,0,0,0,0,0,0,0
犬牙交错,犬牙,动物/身体部位,空间/结构,交错;复杂;不规则,认知,['认知'],0,0,0,0,0,0,0,0,0,0,0,0,0,0,1,0,0,0
犬牙鹰爪,犬;鹰,动物,社会/角色评价,爪牙;帮凶;工具人,社会,['社会'],0,0,0,0,0,0,0,0,0,1,0,0,0,0,0,0,0,0
犬牙相临,犬牙,动物/身体部位,空间/结构,接壤;交错;边界复杂,认知,['认知'],0,0,0,0,0,0,0,0,0,0,0,0,0,0,1,0,0,0
丧家之犬,犬,动物,社会/状态,失势;无依无靠;被抛弃,社会,['社会'],0,0,0,0,0,0,0,0,0,1,0,0,0,0,0,0,0,0
声色狗马,狗;马,动物,社会/生活方式,享乐;放纵;娱乐生活,社会,['社会'],0,0,0,0,0,0,0,0,0,1,0,0,0,0,0,0,0,0
蜀犬吠日,犬,动物,认知/判断,见识浅薄;少见多怪;误判,认知,['认知'],0,0,0,0,0,0,0,0,0,0,0,0,0,0,1,0,0,0
陶犬瓦鸡,犬;鸡,动物,评价/价值,无用;低价值;装饰性,评价,['评价'],0,0,0,0,0,0,0,0,0,0,0,0,0,0,0,1,0,0
蝉不知雪,蝉,动物,认知/局限性,见识短浅;认知局限;经验不足,认知,['认知'],0,0,0,0,0,0,0,0,0,0,0,0,0,0,1,0,0,0
蝉腹龟肠,蝉;龟,动物,状态/身体状态,饥饿;空虚;匮乏,状态,['状态'],0,0,0,0,0,0,0,0,1,0,0,0,0,0,0,0,0,0
金蝉脱壳,蝉,动物,行为/策略,逃脱;转移;脱身,行为,['行为'],0,0,0,0,0,0,0,0,0,0,0,0,1,0,0,0,0,0
噤若寒蝉,蝉,动物,行为/状态,沉默;恐惧;不敢发声,行为,"['恐惧', '行为', '言语']",0,0,0,0,0,0,1,0,0,0,0,0,1,1,0,0,0,0
蛙鸣蝉噪,蛙;蝉,动物,感知/评价,嘈杂;扰人;低质量声音,认知,['认知'],0,0,0,0,0,0,0,0,0,0,0,0,0,0,1,0,0,0
封豕长蛇,豕;蛇,动物,道德/品格,贪婪;残暴;恶劣,道德,['道德'],0,0,0,0,0,0,0,0,0,0,0,0,0,0,0,0,0,1
牧猪奴戏,猪,动物,行为/人生评价,沉迷;不务正业;堕落,行为,['行为'],0,0,0,0,0,0,0,0,0,0,0,0,1,0,0,0,0,0
杀彘教子,彘,动物,行为/教育,以身作则;诚信;教育方式,行为,['行为'],0,0,0,0,0,0,0,0,0,0,0,0,1,0,0,0,0,0
信及豚鱼,豚;鱼,动物,社会/评价,信誉;信任;声誉,社会,['社会'],0,0,0,0,0,0,0,0,0,1,0,0,0,0,0,0,0,0
猪狗不如,猪;狗,动物,道德/评价,卑劣;低下;不道德,道德,['道德'],0,0,0,0,0,0,0,0,0,0,0,0,0,0,0,0,0,1
呆若木鸡,鸡,动物,状态/心理状态,呆滞;惊恐;失神,状态,['状态'],0,0,0,0,0,0,0,0,1,0,0,0,0,0,0,0,0,0
缚鸡之力,鸡,动物,能力/身体能力,虚弱;无力;体力不足,能力,['能力'],0,0,0,0,0,0,0,0,0,0,0,1,0,0,0,0,0,0
鸡虫得失,鸡;虫,动物,评价/价值,琐碎;微不足道;无关紧要,评价,['评价'],0,0,0,0,0,0,0,0,0,0,0,0,0,0,0,1,0,0
鸡飞蛋打,鸡,动物,结果/状态,失败;损失;两败俱失,状态,['状态'],0,0,0,0,0,0,0,0,1,0,0,0,0,0,0,0,0,0
鸡飞狗走,鸡;狗,动物,状态/群体状态,混乱;慌乱;失序,状态,['状态'],0,0,0,0,0,0,0,0,1,0,0,0,0,0,0,0,0,0
鸡口牛后,鸡;牛,动物,社会/选择策略,宁为首;不为从;优先选择地位,社会,['社会'],0,0,0,0,0,0,0,0,0,1,0,0,0,0,0,0,0,0
鸡零狗碎,鸡;狗,动物,评价/集合特征,零碎;杂乱;琐事,评价,['评价'],0,0,0,0,0,0,0,0,0,0,0,0,0,0,0,1,0,0
鸡毛蒜皮,鸡,动物,评价/价值,微小;琐碎;无关紧要,评价,['评价'],0,0,0,0,0,0,0,0,0,0,0,0,0,0,0,1,0,0
鸡鸣而起,鸡,动物,行为/生活方式,勤奋;早起;自律,行为,['行为'],0,0,0,0,0,0,0,0,0,0,0,0,1,0,0,0,0,0
鸡鸣狗吠,鸡;狗,动物,社会/环境状态,生活气息;乡村景象;日常声音,社会,['社会'],0,0,0,0,0,0,0,0,0,1,0,0,0,0,0,0,0,0
鸡犬不惊,鸡;犬,动物,行为/社会行为,纪律严明;无扰民;秩序良好,行为,['行为'],0,0,0,0,0,0,0,0,0,0,0,0,1,0,0,0,0,0
鸡犬不留,鸡;犬,动物,行为/结果,彻底毁灭;残酷;无遗留,行为,['行为'],0,0,0,0,0,0,0,0,0,0,0,0,1,0,0,0,0,0
鸡犬不宁,鸡;犬,动物,状态/社会状态,混乱;不安;骚动,状态,['状态'],0,0,0,0,0,0,0,0,1,0,0,0,0,0,0,0,0,0
鸡犬飞天,鸡;犬,动物,社会/权力现象,裙带关系;利益输送;攀附,社会,['社会'],0,0,0,0,0,0,0,0,0,1,0,0,0,0,0,0,0,0
鸡鹜相争,鸡;鹜,动物,行为/竞争,争夺;利益冲突;小规模竞争,行为,['行为'],0,0,0,0,0,0,0,0,0,0,0,0,1,0,0,0,0,0
嫁鸡随鸡,鸡,动物,社会/性别角色,依附;婚姻角色;命运绑定,社会,['社会'],0,0,0,0,0,0,0,0,0,1,0,0,0,0,0,0,0,0
见卵求鸡,卵;鸡,动物,认知/推理,过早推断;不切实际;乐观预期,认知,['认知'],0,0,0,0,0,0,0,0,0,0,0,0,0,0,1,0,0,0
金鸡报晓,鸡,动物,时间/自然现象,黎明;时间提示;日常节律,认知,['认知'],0,0,0,0,0,0,0,0,0,0,0,0,0,0,1,0,0,0
金鸡独立,鸡,动物,身体/动作状态,平衡;姿势;技巧,身体,['身体'],0,0,0,0,0,0,0,0,0,0,0,0,0,0,0,0,1,0
鸡胸龟背,鸡;龟,动物,外貌/评价,畸形;丑陋;体态异常,外貌,['外貌'],0,0,0,0,1,0,0,0,0,0,0,0,0,0,0,0,0,0
牝鸡司晨,鸡,动物,社会/性别角色,权力颠倒;女性主导;越权,社会,['社会'],0,0,0,0,0,0,0,0,0,1,0,0,0,0,0,0,0,0
杀鸡儆猴,鸡;猴,动物,行为/策略,威慑;示范;惩罚他人以警告群体,行为,['行为'],0,0,0,0,0,0,0,0,0,0,0,0,1,0,0,0,0,0
杀鸡取卵,鸡,动物,行为/经济决策,短视;过度索取;不可持续,行为,['行为'],0,0,0,0,0,0,0,0,0,0,0,0,1,0,0,0,0,0
偷鸡盗狗,鸡;狗,动物,行为/道德评价,偷窃;不正当行为;轻微犯罪,行为,['行为'],0,0,0,0,0,0,0,0,0,0,0,0,1,0,0,0,0,0
闻鸡起舞,鸡,动物,行为/生活方式,勤奋;自律;积极进取,行为,['行为'],0,0,0,0,0,0,0,0,0,0,0,0,1,0,0,0,0,0
小肚鸡肠,鸡,动物,性格/心理特征,狭隘;计较;敏感,情感,['情感'],0,0,0,0,0,0,0,1,0,0,0,0,0,0,0,0,0,0
指鸡骂狗,鸡;狗,动物,言语/表达策略,含沙射影;间接攻击;隐喻批评,言语,['言语'],0,0,0,0,0,0,0,0,0,0,0,0,0,1,0,0,0,0
